支部名,事業者名,verified,website
千代田,アサガミ株式会社,False,
千代田,アイ・エス運輸有限会社,False,
千代田,淡路運送有限会社,False,
千代田,池嘉運送株式会社,False,
千代田,梅田運輸倉庫株式会社,False,
千代田,イズミ物流株式会社,False,
千代田,アイ・カーゴ株式会社,False,
千代田,エーエルプラス株式会社,False,
千代田,株式会社内山回漕店,False,
千代田,ＳＭＢＣオペレーションサービス株式会社,False,
千代田,大矢運送有限会社,False,
千代田,有限会社奥野運送店,False,
千代田,有限会社荒畑運送店,False,
千代田,大場運送株式会社,False,
千代田,株式会社オレンジライン,False,
千代田,株式会社ＤＡＹ’ｓ,False,
千代田,神協運輸株式会社,False,
千代田,小幡梱包運輸株式会社,False,
千代田,尾張屋倉庫株式会社,False,
千代田,株式会社カンダコアテクノ,False,
千代田,カンダコーポレーション株式会社,False,
千代田,有限会社木村運送店,False,
千代田,有限会社協同梱包,False,
千代田,神田三木運送株式会社,False,
千代田,株式会社協和運輸,False,
千代田,ケイアイ株式会社,False,
千代田,株式会社グローバルエアカーゴ,False,
千代田,株式会社輕便社,False,
千代田,KBLINE株式会社,False,
千代田,株式会社公運社,False,
千代田,株式会社埼京通商,False,
千代田,佐川急便株式会社千代田営業所,False,
千代田,さがみエンヂニアリング株式会社,False,
千代田,サトランス株式会社,False,
千代田,櫻井倉庫株式会社,False,
千代田,三共運送店,False,
千代田,三和運送株式会社,False,
千代田,三和運輸株式会社,False,
千代田,三和運送事業株式会社,False,
千代田,出版輸送株式会社,False,
千代田,有限会社篠﨑運送店,False,
千代田,松栄運輸株式会社埼玉営業所,False,
千代田,新聞輸送株式会社,False,
千代田,有限会社上州屋運送店,False,
千代田,星光運輸株式会社,False,
千代田,センコー株式会社東京主管支店,False,
千代田,末広運輸株式会社,False,
千代田,株式会社スガヌマトランスポート,False,
千代田,セントラル警備保障株式会社,False,
千代田,全日本ライン株式会社,False,
千代田,全農物流株式会社,False,
千代田,綜合警備保障株式会社警送東京支社,False,
千代田,第一石産運輸株式会社,False,
千代田,有限会社大拓,False,
千代田,太陽運輸株式会社,False,
千代田,中央通運株式会社総務部,False,
千代田,宝運送株式会社,False,
千代田,千代田小型運送有限会社,False,
千代田,大東倉庫株式会社,False,
千代田,手島梱包輸送株式会社,False,
千代田,東京エフ・エル・サービス株式会社,False,
千代田,東京ピアノ運送株式会社,False,
千代田,東販自動車株式会社,False,
千代田,東信運送有限会社,False,
千代田,有限会社栃木屋運送店,False,
千代田,東洋テック株式会社東京支社,False,
千代田,株式会社日陸,False,
千代田,株式会社那須商会,False,
千代田,日高工業株式会社,False,
千代田,日通神田中央運輸株式会社,False,
千代田,日販物流サービス株式会社,False,
千代田,株式会社日本運搬社,False,
千代田,日本コンテナ輸送株式会社,False,
千代田,日本オイルターミナル株式会社,False,
千代田,日本フレートライナー株式会社,False,
千代田,株式会社ニヤクコーポレーション,False,
千代田,有限会社林運送,False,
千代田,能島運輸株式会社,False,
千代田,株式会社福井商店,False,
千代田,日本郵便輸送株式会社東京支社,False,
千代田,芳和輸送株式会社,False,
千代田,株式会社ふそう運搬社,False,
千代田,株式会社ＭＡＲＵＫＯ,False,
千代田,丸嘉運輸倉庫株式会社,False,
千代田,株式会社丸正,False,
千代田,丸大運送株式会社,False,
千代田,丸天運送株式会社,False,
千代田,丸富興業株式会社,False,
千代田,丸万協立運送株式会社,False,
千代田,株式会社マルノウチ,False,
千代田,有限会社三笠運輸,False,
千代田,明光運輸株式会社,False,
千代田,明治ロジテック株式会社,False,
千代田,明治屋商運株式会社,False,
千代田,名鉄ゴールデン航空株式会社,False,
千代田,矢口運送有限会社,False,
千代田,有限会社矢嶋運送店,False,
千代田,八洲運輸株式会社,False,
千代田,矢萩運輸株式会社,False,
千代田,山崎製パン株式会社,False,
千代田,有隣運送株式会社,False,
千代田,株式会社ユニコム,False,
千代田,吉川運輸株式会社,False,
千代田,株式会社ライフサポート・エガワ,False,
千代田,株式会社レキスト,False,
千代田,株式会社ろうきんロジテック,False,
中央,アイチ梱包運輸株式会社東京営業所,False,
中央,アキラ運送有限会社,False,
中央,旭運送株式会社,False,
中央,青葉運輸株式会社,False,
中央,東運輸株式会社,False,
中央,東海運株式会社陸運事業部,False,
中央,渥美運輸株式会社,False,
中央,株式会社アベエキスプレス,False,
中央,株式会社アロンラインサービス,False,
中央,有限会社池本運送店,False,
中央,株式会社イシカワコーポレーション,False,
中央,石井運送株式会社,False,
中央,伊東倉庫運輸有限会社,False,
中央,伊藤忠ロジスティクス株式会社,False,
中央,株式会社入船物流システム,False,
中央,一心運輸梱包株式会社,False,
中央,株式会社岩陸,False,
中央,上野運輸株式会社,False,
中央,有限会社梅澤運送店,False,
中央,宇山運輸株式会社,False,
中央,株式会社ＮＳロジ東日本,False,
中央,有限会社小澤運送店,False,
中央,有限会社靭江運輸,False,
中央,近江運送株式会社,False,
中央,奥山運輸株式会社,False,
中央,Ｆ－ＬＩＮＥ株式会社,False,
中央,株式会社加藤商運,False,
中央,有限会社亀田組,False,
中央,有限会社川森運送店,False,
中央,関東海陸輸送株式会社,False,
中央,協栄運送有限会社,False,
中央,株式会社共成荷役運輸,False,
中央,京橋運送株式会社,False,
中央,京極運輸商事株式会社,False,
中央,有限会社共利社,False,
中央,共和運輸株式会社,False,
中央,銀座急送株式会社,False,
中央,京橋ロジス株式会社,False,
中央,株式会社ギンテック,False,
中央,久保梱包運輸有限会社,False,
中央,久保田運送株式会社,False,
中央,京浜梱包有限会社,False,
中央,交神運輸株式会社,False,
中央,有限会社小島商会,False,
中央,興洋運輸株式会社,False,
中央,小林倉運株式会社,False,
中央,株式会社三栄商会,False,
中央,佐川急便株式会社  東京営業所,False,
中央,株式会社サンキュウ・トランスポート東京,False,
中央,株式会社三信組,False,
中央,澁澤陸運株式会社,False,
中央,有限会社勝栄,False,
中央,新川運輸株式会社,False,
中央,しんきん東京サービス株式会社,False,
中央,株式会社昭二社運輸部,False,
中央,株式会社全日警,False,
中央,株式会社スリーエス・サンキュウ,False,
中央,第一清運株式会社,False,
中央,瀬戸内陸運株式会社,False,
中央,大興運輸倉庫株式会社,False,
中央,大嘉倉庫株式会社,False,
中央,有限会社高春産業,False,
中央,有限会社高山商店,False,
中央,中央運送株式会社,False,
中央,有限会社田村運輸部,False,
中央,千代田運送株式会社,False,
中央,月島総業株式会社,False,
中央,中央運輸株式会社,False,
中央,中央物流株式会社,False,
中央,鶴巻運送店,False,
中央,有限会社佃運輸,False,
中央,東海運輸株式会社,False,
中央,東海急送株式会社,False,
中央,東京共同ロジテム株式会社,False,
中央,東京都市場運送株式会社,False,
中央,株式会社東発,False,
中央,東都小揚株式会社,False,
中央,東紅流通センター株式会社,False,
中央,東洋陸送株式会社,False,
中央,株式会社トーハイ,False,
中央,トモエ運送有限会社,False,
中央,永井株式会社,False,
中央,中野輸送株式会社,False,
中央,有限会社中原運送店,False,
中央,日軽物流株式会社,False,
中央,日本液体運輸株式会社,False,
中央,日東企業株式会社,False,
中央,株式会社日進梱包エンタープライズ,False,
中央,日本興運株式会社,False,
中央,日東富士運輸株式会社,False,
中央,柏栄サービス株式会社,False,
中央,日本梱包運輸倉庫株式会社東京営業所,False,
中央,八大株式会社,False,
中央,八光社梱包運輸株式会社,False,
中央,株式会社白青舎,False,
中央,株式会社八進,False,
中央,浜中運送有限会社,False,
中央,株式会社ハナワトランスポート,False,
中央,八丁堀物流有限会社,False,
中央,有限会社原鉄運送店,False,
中央,晴海レミコン輸送株式会社,False,
中央,東日本ビジネスサービス株式会社,False,
中央,舟津運送株式会社,False,
中央,株式会社ホソヤ,False,
中央,株式会社プライム物流,False,
中央,真北運輸倉庫株式会社,False,
中央,株式会社丸運　貨物営業部,False,
中央,松井運送有限会社,False,
中央,丸勝運輸株式会社,False,
中央,丸章運輸株式会社,False,
中央,株式会社丸周運送,False,
中央,丸正運輸株式会社,False,
中央,有限会社丸新運輸,False,
中央,丸武運送株式会社,False,
中央,丸武運輸株式会社,False,
中央,株式会社丸中,False,
中央,株式会社丸発,False,
中央,丸和運輸株式会社,False,
中央,宮喜運送有限会社,False,
中央,株式会社万年屋回漕店,False,
中央,株式会社萬能社,False,
中央,三井倉庫株式会社関東支社　運輸課,False,
中央,宮吉運輸株式会社,False,
中央,望月海運株式会社,False,
中央,ヤマト運輸株式会社東京支社,False,
中央,ヤマトホームコンビニエンス株式会社,False,
中央,湯田運送,False,
中央,淀川海運株式会社,False,
港,株式会社ＬＮＪ関東,False,
中央,株式会社ロジスティクス・ネットワーク,False,
中央,株式会社吉澤運輸商会,False,
港,アイシーエクスプレス株式会社,False,
中央,株式会社ワールドサプライ,False,
港,秋元運輸倉庫株式会社芝浦営業所,False,
港,アクロストランスポート株式会社,False,
港,アサヒロジ株式会社,False,
港,アスクトランスポート株式会社,False,
港,株式会社アラウン,False,
港,安達運輸株式会社,False,
港,石井運輸株式会社,False,
港,株式会社アマノ,False,
港,磯部運送有限会社,False,
港,株式会社板橋運送,False,
港,薄井運送株式会社,False,
港,インターナショナルエクスプレス株式会社,False,
港,宇東梱包運輸株式会社,False,
港,運送サービス株式会社,False,
港,枝川運輸株式会社,False,
港,株式会社Ｍ．Ｙ．トランスポート,False,
港,有限会社大澤組,False,
港,株式会社エムラインズ,False,
港,株式会社オーシーエスエクスプレス,False,
港,奥泉運送株式会社,False,
港,有限会社小川運送店,False,
港,株式会社テイパーズ,False,
港,小籏株式会社,False,
港,川崎陸送株式会社,False,
港,清澄運輸株式会社,False,
港,関東海陸企業株式会社,False,
港,木内運送株式会社,False,
港,株式会社グリーンエース,False,
港,協進運輸株式会社,False,
港,黒田運送有限会社,False,
港,桑原梱包運輸株式会社,False,
港,株式会社恵興,False,
港,有限会社小泉運送店,False,
港,黒沢ロジテック株式会社,False,
港,株式会社幸運,False,
港,興陽運輸株式会社,False,
港,五幸運輸株式会社,False,
港,港隆運輸株式会社,False,
港,国際コンテナ輸送株式会社,False,
港,有限会社コトブキ運送,False,
港,佐川急便株式会社　城南営業所,False,
港,株式会社五洋ロジテック,False,
港,株式会社札通ロジスティックス東京,False,
港,三協運輸株式会社,False,
港,有限会社ＳＡＮＹＯ　Ｌｏｇｉｓｔｉｃｓ,False,
港,芝浦運輸株式会社,False,
港,株式会社サンリツ,False,
港,汐留運送株式会社,False,
港,芝浦運輸機工株式会社,False,
港,有限会社信栄サービス,False,
港,株式会社新開トランスポートシステムズ,False,
港,芝浦物流株式会社,False,
港,シンワ運輸東京株式会社,False,
港,鈴木運送株式会社,False,
港,新三協物流株式会社東京営業所,False,
港,新興運輸倉庫株式会社,False,
港,株式会社シントウ,False,
港,鈴昌輸送倉庫株式会社,False,
港,鈴仙運輸株式会社,False,
港,株式会社スターエキスプレス,False,
港,株式会社正運社,False,
港,株式会社成和,False,
港,ダイワ産業株式会社,False,
港,株式会社大三,False,
港,株式会社曽根運送,False,
港,株式会社タカセ運輸集配システム,False,
港,高取ロジスティクス株式会社,False,
港,高輪運送株式会社,False,
港,竹内運送株式会社,False,
港,有限会社鶴田運送店,False,
港,株式会社竹皮屋,False,
港,千代川運輸株式会社,False,
港,ディー・エイチ・エル・ジャパン株式会社,False,
港,東運ウェアハウス株式会社,False,
港,東亜運輸株式会社,False,
港,東京坂本運輸株式会社,False,
港,東海海運株式会社,False,
港,東京エキスプレス株式会社,False,
港,有限会社東京ポートエキスプレス,False,
港,株式会社東京三友,False,
港,株式会社東京ロジステック小林徳市運送,False,
港,東京発送株式会社,False,
港,東新運輸株式会社,False,
港,東新トレーラーエキスプレス株式会社,False,
港,道水運輸株式会社,False,
港,東新急送株式会社,False,
港,東都配送株式会社,False,
港,東都運輸倉庫株式会社,False,
港,東邦海陸運輸株式会社,False,
港,株式会社トーシン社,False,
港,トータル・コマース・ソリューション株式会社,False,
港,株式会社トランスシステム,False,
港,都南運輸株式会社,False,
港,株式会社ナカムラロジスティクス,False,
港,長井運送株式会社,False,
港,株式会社成海陸運,False,
港,有限会社西山運送店,False,
港,ナカハラ株式会社,False,
港,日京運輸株式会社,False,
港,日産運輸株式会社,False,
港,日通海運ドレージ株式会社,False,
港,日通東京運輸株式会社,False,
港,日通トランスポート株式会社,False,
港,株式会社日本カーゴエキスプレス,False,
港,日本振興株式会社,False,
港,日本通運株式会社首都圏支店,False,
港,日本郵便株式会社東京支社,False,
港,日本低温運輸株式会社,False,
港,日本ルートサービス株式会社,False,
港,ノバ・エキスプレス株式会社,False,
港,芳賀通運株式会社,False,
港,株式会社萩原運送,False,
港,ピアノ運送株式会社,False,
港,東日本急行株式会社,False,
港,花木商事株式会社,False,
港,有限会社平田運送店,False,
港,有限会社フィニィ,False,
港,株式会社フクトク,False,
港,富士港運株式会社,False,
港,有限会社福吉運送店,False,
港,プラスカーゴサービス株式会社,False,
港,富士フイルムロジスティックス株式会社,False,
港,株式会社フリーラン,False,
港,古谷運送株式会社,False,
港,松下運輸株式会社,False,
港,松田運送株式会社,False,
港,丸一ロジスティクス株式会社,False,
港,株式会社マルセンコーポレーション,False,
港,丸新運輸株式会社,False,
港,マルフク・ロジスティクス株式会社,False,
港,マルフク産業株式会社,False,
港,丸福運輸株式会社,False,
港,三丸運輸株式会社,False,
港,矢倉倉庫株式会社,False,
港,株式会社三田ロールプール,False,
港,矢吹海運株式会社,False,
港,八千代運輸株式会社,False,
港,有限会社やまおう運輸,False,
港,山本運送株式会社,False,
港,株式会社ヤマゴ,False,
港,横浜急送株式会社 東京営業所,False,
港,菱倉運輸株式会社東京支店,False,
港,ロジスティックスシステム輸送株式会社,False,
港,ワイケイ物流株式会社,False,
港,ＹＫＹ物流株式会社,False,
港,渡邊倉庫運送株式会社,False,
品川,アートコーポレーション株式会社港支店,False,
品川,株式会社アクティブライン,False,
品川,秋山運送店,False,
品川,朝倉運輸株式会社,False,
品川,阿部運送株式会社,False,
品川,綾運輸株式会社,False,
品川,天野運送株式会社,False,
品川,安斉運輸有限会社,False,
品川,生澤運輸有限会社,False,
品川,有限会社池尻運輸,False,
品川,石川運輸倉庫株式会社,False,
品川,株式会社井門サービス,False,
品川,株式会社いづみ商事,False,
品川,宇徳流通サービス株式会社,False,
品川,宇徳ロジスティクス株式会社東京営業所,False,
品川,有限会社エイコー運輸,False,
品川,SBSリコーロジスティクス株式会社,False,
品川,有限会社エムティエス,False,
品川,株式会社大崎,False,
品川,エヌ・シー・ストルト輸送サービス株式会社,False,
品川,小川運送有限会社,False,
品川,株式会社大津運送,False,
品川,株式会社小野運送店,False,
品川,有限会社岡野運輸,False,
品川,株式会社小野関運送,False,
品川,木下運輸有限会社,False,
品川,株式会社共進エキスプレス,False,
品川,協和企業株式会社,False,
品川,有限会社共同輸送サービス,False,
品川,教発株式会社,False,
品川,株式会社近鉄ロジスティクス・システムズ,False,
品川,京南運送株式会社,False,
品川,ケイヒンコンテナ急送株式会社,False,
品川,ケイヒン陸運株式会社,False,
品川,グローバルライン株式会社,False,
品川,株式会社コイケ,False,
品川,株式会社小泉運送,False,
品川,有限会社廣容運送,False,
品川,有限会社晃和,False,
品川,小山運送株式会社,False,
品川,相良運送,False,
品川,佐川急便株式会社品川営業所,False,
品川,三光流通サービス有限会社,False,
品川,サンメトロ輸送株式会社,False,
品川,三信運輸株式会社,False,
品川,ジェイアール東海物流株式会社,False,
品川,佐藤運送株式会社,False,
品川,シーティナー株式会社,False,
品川,シグマロジスティクス株式会社,False,
品川,城南運送株式会社,False,
品川,城南交易運輸株式会社,False,
品川,有限会社ジャパントランスコム,False,
品川,有限会社正力運輸,False,
品川,昭和運送株式会社,False,
品川,新協運輸株式会社,False,
品川,神興運輸株式会社,False,
品川,鈴江コンテナートランスポート株式会社,False,
品川,鈴与自動車運送株式会社,False,
品川,有限会社スリーシープランニング,False,
品川,セイト物流株式会社,False,
品川,株式会社盛運,False,
品川,株式会社ゼクスト,False,
品川,株式会社ゼンケイ,False,
品川,大東運輸株式会社,False,
品川,センヨシロジスティクス株式会社,False,
品川,大京運輸有限会社,False,
品川,大翔トランスポート株式会社,False,
品川,大東運輸倉庫株式会社,False,
品川,タカギロジスティクス株式会社,False,
品川,高砂運輸株式会社,False,
品川,髙野運送株式会社,False,
品川,株式会社タケウチ,False,
品川,千野運輸株式会社,False,
品川,株式会社長生運送,False,
品川,千代田運輸株式会社,False,
品川,有限会社ツカダ,False,
品川,有限会社筑波運送店,False,
品川,株式会社月島物流サービス,False,
品川,都築機工運輸株式会社,False,
品川,株式会社ティーエス,False,
品川,ＤＨＬサプライチェーン株式会社東京物流センター,False,
品川,株式会社東洋回送,False,
品川,株式会社東京輸送,False,
品川,株式会社東京デリバリーエーゼント,False,
品川,東西運輸株式会社,False,
品川,東洋メビウス株式会社,False,
品川,東和運送株式会社,False,
品川,有限会社都南運送,False,
品川,有限会社中尾商店,False,
品川,有限会社中山運送,False,
品川,有限会社西山運送,False,
品川,有限会社日硝運輸,False,
品川,日本高速輸送株式会社,False,
品川,日本駿馬輸送株式会社,False,
品川,日本伝航株式会社,False,
品川,日本興業株式会社,False,
品川,日本ロジテム株式会社,False,
品川,有限会社野出運送店,False,
品川,ハートランス株式会社東京営業所,False,
品川,有限会社花井運送店,False,
品川,早川海陸輸送株式会社,False,
品川,有限会社原運輸,False,
品川,ビーラインロジ株式会社,False,
品川,有限会社菱山運送,False,
品川,フコクﾛｼﾞｽﾃｨｸｽ株式会社,False,
品川,藤木陸運株式会社,False,
品川,富士山運輸株式会社,False,
品川,豊洋運送株式会社,False,
品川,株式会社フレックスビジネスキャリア,False,
品川,ホクレン運輸株式会社東京営業所,False,
品川,有限会社北斗運輸,False,
品川,ＭＡＲＵＳＡ株式会社,False,
品川,株式会社丸井興業,False,
品川,マルタ株式会社,False,
品川,株式会社マルストランスポーテーション,False,
品川,丸辰運輸倉庫株式会社,False,
品川,丸吉運輸有限会社,False,
品川,三井運輸有限会社,False,
品川,三井倉庫ｻﾌﾟﾗｲﾁｪｰﾝｿﾘｭｰｼｮﾝ株式会社国内輸送部,False,
品川,株式会社三恵運輸,False,
品川,光村商事倉庫株式会社,False,
品川,株式会社山本商会,False,
品川,リファーシステムジャパン株式会社,False,
品川,株式会社ヤシマコンテナサービス,False,
品川,茂呂ターミナル輸送株式会社,False,
品川,山勝商事株式会社,False,
品川,ワイエス　トレーディング株式会社,False,
品川,株式会社ワンビシアーカイブズ,False,
大田,アークス物流サポート株式会社,False,
大田,ＩＤＳＳ株式会社,False,
大田,有限会社アイル物流サービス,False,
大田,アクト株式会社,False,
大田,有限会社青山運送,False,
大田,有限会社荒川運輸,False,
大田,株式会社浅井,False,
大田,有限会社アンドサービス,False,
大田,株式会社イーアンドキュー,False,
大田,株式会社イーエム・アイ,False,
大田,石黒物流株式会社,False,
大田,飯田運送有限会社,False,
大田,井住運送株式会社東京支店,False,
大田,板橋商事株式会社,False,
大田,内山運送有限会社,False,
大田,内田運送株式会社,False,
大田,株式会社永友,False,
大田,株式会社栄和,False,
大田,エアハース・インターナショナル株式会社,False,
大田,株式会社エイワイ,False,
大田,株式会社Ａ１,False,
大田,株式会社SCS,False,
大田,株式会社エクシング　東京営業所,False,
大田,有限会社エヌケイコーポレーション,False,
大田,有限会社海老名運送店,False,
大田,株式会社MGA,False,
大田,株式会社エムティ輸送,False,
大田,ゑびす興運有限会社,False,
大田,エポックトランスポート株式会社,False,
大田,株式会社エムロジ,False,
大田,株式会社エンタープライズ・カトー,False,
大田,大田運輸株式会社,False,
大田,株式会社大塚組,False,
大田,オーティーティーロジスティクス株式会社,False,
大田,大森運送株式会社,False,
大田,岡田運輸倉庫株式会社,False,
大田,岡村運送有限会社,False,
大田,株式会社大森運輸商会,False,
大田,株式会社奥平,False,
大田,小川運輸有限会社,False,
大田,株式会社オフィス・フロンティア,False,
大田,株式会社S.P.C.Port,False,
大田,株式会社中陸,False,
大田,株式会社カーレントサービス,False,
大田,株式会社海渡,False,
大田,開真産業株式会社,False,
大田,株式会社カジロジスティックス,False,
大田,株式会社香美運送,False,
大田,加瀬興業運輸株式会社,False,
大田,有限会社金城運輸,False,
大田,株式会社アライアンス・コーポレーション,False,
大田,株式会社積運,False,
大田,株式会社七鷹,False,
大田,株式会社Psトランスポート,False,
大田,川口運輸株式会社,False,
大田,株式会社フラワーウィン,False,
大田,関東生コン輸送株式会社,False,
大田,有限会社川治運輸商会,False,
大田,菊川運送株式会社,False,
大田,菊池運送有限会社,False,
大田,有限会社菊正自動車,False,
大田,株式会社紀文フレッシュシステム,False,
大田,キャリテック株式会社,False,
大田,株式会社共運,False,
大田,株式会社京福商店,False,
大田,株式会社キョーエイコーポレーション,False,
大田,極東運輸機工株式会社,False,
大田,株式会社金羊社ロジテム,False,
大田,窪田運送株式会社,False,
大田,株式会社kmｆｉｔｓコーポレーション,False,
大田,京浜運送株式会社,False,
大田,株式会社京浜折込広告社,False,
大田,株式会社工運,False,
大田,有限会社広栄運輸機工,False,
大田,甲真運輸株式会社,False,
大田,有限会社小島運送,False,
大田,小柴運送株式会社,False,
大田,幸陽運輸倉庫株式会社,False,
大田,有限会社小杉興業運輸,False,
大田,株式会社小林運送,False,
大田,小林運送有限会社,False,
大田,コマツ物流株式会社　企画部運輸グループ,False,
大田,小山運送株式会社,False,
大田,有限会社金剛運輸,False,
大田,株式会社サウンドクルー,False,
大田,有限会社坂下産業運輸,False,
大田,坂本商工株式会社,False,
大田,佐川急便株式会社羽田営業所,False,
大田,サクラ運送有限会社,False,
大田,佐藤梱包運輸株式会社,False,
大田,株式会社櫻商会,False,
大田,株式会社サワ・コーポレーション 東京営業所,False,
大田,株式会社サン・エキスプレス,False,
大田,三共運輸株式会社,False,
大田,株式会社ジーライントランスポート,False,
大田,有限会社ＪＣＵ,False,
大田,有限会社塩田運送,False,
大田,山九株式会社東京支店,False,
大田,三和陸送株式会社,False,
大田,有限会社島田運送店,False,
大田,株式会社ジャパンキャリアカー,False,
大田,昭和設備株式会社,False,
大田,信栄運輸株式会社,False,
大田,新千梱包運輸株式会社,False,
大田,有限会社新大津運輸,False,
大田,株式会社すゞいち,False,
大田,住吉運輸株式会社,False,
大田,鈴木運送株式会社,False,
大田,有限会社菅原運送店,False,
大田,セイホー運輸株式会社,False,
大田,洗足池運輸株式会社,False,
大田,西和空輸株式会社,False,
大田,有限会社千丸運輸,False,
大田,大興商事株式会社,False,
大田,醍醐運輸株式会社,False,
大田,相互運輸株式会社,False,
大田,株式会社大伸エクスプレス,False,
大田,有限会社大東運輸,False,
大田,株式会社ダイドウトランスプラネット,False,
大田,ダイイチ通商株式会社,False,
大田,株式会社大豊運輸,False,
大田,株式会社鷹商,False,
大田,高梨運送有限会社,False,
大田,有限会社高野運送,False,
大田,有限会社田中ピアノ運送,False,
大田,高松運輸株式会社,False,
大田,谷口運送株式会社,False,
大田,有限会社タノウエ運送,False,
大田,力運送株式会社,False,
大田,有限会社千葉運輸企業,False,
大田,忠和トラスト運輸株式会社城南島営業所,False,
大田,長州梱包運輸株式会社,False,
大田,千代川運輸株式会社,False,
大田,株式会社ディ・エス物流,False,
大田,株式会社土田恒産,False,
大田,株式会社出口運輸,False,
大田,株式会社東海ロジテム 東京支店,False,
大田,東京コスモ物流株式会社,False,
大田,ＴＡＫＥ　ＴＲＡＮＳＰＯＲＴ株式会社,False,
大田,株式会社デジエキスプレス,False,
大田,東京商運株式会社,False,
大田,東京ハダ運送有限会社,False,
大田,東興輸送株式会社千葉営業所,False,
大田,有限会社東西興業運輸,False,
大田,東信商事運輸有限会社,False,
大田,東電物流株式会社中央支社,False,
大田,有限会社東進商会,False,
大田,株式会社東日商運,False,
大田,東邦運送株式会社,False,
大田,東陸運輸有限会社,False,
大田,東蒲運輸株式会社,False,
大田,土長運輸株式会社,False,
大田,トーヨーエキスプレス株式会社,False,
大田,富田運輸株式会社,False,
大田,(資)豊田八郎商店,False,
大田,トモエ運輸株式会社,False,
大田,ＤＲＩＶＥＮＥＴ株式会社,False,
大田,都南運送株式会社,False,
大田,トライマテリアル株式会社,False,
大田,株式会社トラストドレージ,False,
大田,株式会社トランスクルー,False,
大田,トランスネット株式会社,False,
大田,株式会社トレジャーアイランドコーポレーション,False,
大田,株式会社トランスポーター東京,False,
大田,有限会社中島ピアノ輸送サービス,False,
大田,株式会社中村機械設備,False,
大田,有限会社日栄運輸,False,
大田,株式会社西商店,False,
大田,内外トランス・ケミカル株式会社,False,
大田,株式会社日動運輸,False,
大田,日和運輸倉庫株式会社,False,
大田,株式会社日新,False,
大田,有限会社鍋山運送,False,
大田,株式会社日本空港ロジテム,False,
大田,株式会社日本エアメール,False,
大田,日本植物運輸株式会社,False,
大田,有限会社野永運送,False,
大田,日本空輸株式会社,False,
大田,株式会社ハーツ,False,
大田,橋場株式会社,False,
大田,橋本運送,False,
大田,早川運送株式会社,False,
大田,株式会社ハリー運輸,False,
大田,羽田運輸株式会社,False,
大田,株式会社阪急阪神ロジパートナーズ 品川カーゴセンター,False,
大田,ビーエル商事株式会社,False,
大田,光新聞運輸株式会社,False,
大田,株式会社日立物流南関東 京浜輸送営業所,False,
大田,株式会社ヒダロジスティックス,False,
大田,有限会社美風運輸,False,
大田,有限会社平喜運輸,False,
大田,株式会社ファーストカーゴ,False,
大田,平山運送株式会社,False,
大田,株式会社フィールドスターエキスプレス,False,
大田,不二運送有限会社,False,
大田,株式会社藤江運輸,False,
大田,有限会社冨士綜業運輸,False,
大田,藤久運輸倉庫株式会社,False,
大田,藤野戸運送有限会社,False,
大田,株式会社富士宮運輸,False,
大田,富士陸送株式会社,False,
大田,株式会社ブルーウイング,False,
大田,ふるや運送有限会社,False,
大田,有限会社阜壮運輸,False,
大田,芳誠流通株式会社,False,
大田,有限会社峯成,False,
大田,有限会社北新海運,False,
大田,有限会社本庄流通サービス,False,
大田,株式会社ホリウチ・トータルサービス,False,
大田,有限会社前田梱包運輸,False,
大田,松一運輸株式会社,False,
大田,丸善運輸機工有限会社,False,
大田,株式会社松岡運輸,False,
大田,株式会社松原運送,False,
大田,有限会社丸亀運輸,False,
大田,株式会社マルニコーポレーション,False,
大田,丸邦運輸サービス株式会社,False,
大田,ミシマ運輸株式会社,False,
大田,株式会社三川運送,False,
大田,有限会社水口運送店,False,
大田,有限会社みつ井運送,False,
大田,三友運輸株式会社,False,
大田,株式会社ムーバル,False,
大田,港トラック運送株式会社,False,
大田,森ヶ崎運送有限会社,False,
大田,株式会社安江運輸,False,
大田,有限会社キャパ東京営業所,False,
大田,結城運輸有限会社,False,
大田,有限会社論渡倶楽部,False,
大田,株式会社安川トランスポート東京営業所,False,
大田,株式会社吉田運輸機興,False,
大田,有限会社吉田商事,False,
大田,ライスフィールド株式会社,False,
大田,株式会社連帯運輸,False,
大田,六郷運送株式会社,False,
大田,株式会社ロジック,False,
大田,有限会社渡辺梱包運輸,False,
渋谷,アデック物流株式会社,False,
渋谷,アクアス株式会社,False,
渋谷,株式会社ＮＨＫビジネスクリエイト　放送車両事業部,False,
渋谷,有限会社岡野運送,False,
渋谷,株式会社奥運送,False,
渋谷,京旺運送株式会社,False,
渋谷,株式会社ゴールド･スター,False,
渋谷,株式会社サキュレ,False,
渋谷,サッポロ流通システム株式会社,False,
渋谷,佐川急便株式会社　渋谷営業所,False,
渋谷,不知火運送有限会社,False,
渋谷,千石運送株式会社,False,
渋谷,大信運輸株式会社,False,
渋谷,有限会社大信運輸商会,False,
渋谷,株式会社太陽ネットワーク物流,False,
渋谷,株式会社田沢重量,False,
渋谷,高田運送有限会社,False,
渋谷,千秋運送有限会社,False,
渋谷,田辺運送有限会社,False,
渋谷,ＴＳネットワーク株式会社,False,
渋谷,東新運送株式会社,False,
渋谷,田中陸運株式会社,False,
渋谷,ナガシマ物流サービス株式会社,False,
渋谷,中村運送株式会社,False,
渋谷,有限会社林運輸,False,
渋谷,有限会社八幡運送,False,
渋谷,株式会社ひがの運送,False,
渋谷,有限会社船山運送店,False,
渋谷,有限会社二渡運送,False,
渋谷,株式会社日立物流,False,
渋谷,有限会社宝泉運輸,False,
渋谷,有限会社本田物流サービス,False,
渋谷,株式会社三村運送,False,
渋谷,山田自動車サービス株式会社,False,
渋谷,鎗田運送株式会社,False,
渋谷,株式会社ヤヨイ,False,
渋谷,代々木小型運送有限会社,False,
世田谷,旭器機サービス株式会社,False,
世田谷,浅見運輸倉庫株式会社,False,
世田谷,株式会社アイ・シー・エス,False,
世田谷,有限会社アスカロケリース,False,
世田谷,池町運輸倉庫株式会社,False,
世田谷,株式会社井上,False,
世田谷,岩国運送有限会社,False,
世田谷,ＳＢＳロジコム関東株式会社ファシリティ支店,False,
世田谷,植竹運送有限会社,False,
世田谷,株式会社ウィーズ・エンタープライズ,False,
世田谷,株式会社エフ・ユー,False,
世田谷,エスラインジャパン株式会社,False,
世田谷,有限会社エフジーライン,False,
世田谷,大賀運輸株式会社,False,
世田谷,株式会社エムジェイ,False,
世田谷,有限会社沖倉運送,False,
世田谷,帯瀬運送株式会社,False,
世田谷,有限会社柏木運送店,False,
世田谷,有限会社カツミ,False,
世田谷,かねいち運送有限会社,False,
世田谷,烏山運輸株式会社,False,
世田谷,加納屋運送株式会社,False,
世田谷,川村運送有限会社,False,
世田谷,幹光運輸株式会社,False,
世田谷,栗通運輸株式会社,False,
世田谷,有限会社木村運送店,False,
世田谷,有限会社グリーン運輸,False,
世田谷,株式会社グローバル・サービス,False,
世田谷,株式会社グローバルシステム,False,
世田谷,株式会社小池エンタープライズ,False,
世田谷,さくら興運株式会社,False,
世田谷,佐川急便株式会社世田谷用賀営業所,False,
世田谷,興栄運輸株式会社,False,
世田谷,株式会社三栄輸送,False,
世田谷,株式会社サンキューコーポレーション,False,
世田谷,三宝運輸有限会社,False,
世田谷,三陸運送株式会社,False,
世田谷,渋谷運輸サービス有限会社,False,
世田谷,株式会社松栄運輸,False,
世田谷,株式会社シンコー,False,
世田谷,新日本運輸株式会社,False,
世田谷,有限会社鈴木運送,False,
世田谷,新和輸送株式会社,False,
世田谷,世田谷運送株式会社,False,
世田谷,株式会社全協サービス,False,
世田谷,株式会社ソニックフロー,False,
世田谷,第一自動車運送株式会社,False,
世田谷,有限会社大宝運輸,False,
世田谷,株式会社大光商運,False,
世田谷,有限会社高杉運輸,False,
世田谷,立石運送株式会社,False,
世田谷,髙梨運送株式会社,False,
世田谷,玉成運送株式会社,False,
世田谷,高橋運輸株式会社,False,
世田谷,坪田運輸有限会社,False,
世田谷,弦巻運輸有限会社,False,
世田谷,ちとせ運送株式会社,False,
世田谷,東亜運送有限会社,False,
世田谷,徳永運輸株式会社,False,
世田谷,株式会社等々力運輸,False,
世田谷,株式会社中島運送,False,
世田谷,有限会社中山運送店,False,
世田谷,日進運輸株式会社,False,
世田谷,有限会社ナカムラプロジェクト,False,
世田谷,パナシア　ロジ株式会社,False,
世田谷,株式会社ビィー・コーポレーション,False,
世田谷,日の丸商運株式会社,False,
世田谷,有限会社ヒロトランスポート,False,
世田谷,深沢運送有限会社,False,
世田谷,富士ロケーションサービス株式会社,False,
世田谷,福山運送株式会社,False,
世田谷,報友梱包運輸株式会社,False,
世田谷,有限会社松尾運送店,False,
世田谷,株式会社マエダオート,False,
世田谷,マリン運輸株式会社,False,
世田谷,丸エス運送株式会社,False,
世田谷,有限会社丸正運送店,False,
世田谷,株式会社まるすぎ,False,
世田谷,株式会社マルキ梱包運送,False,
世田谷,丸武運輸株式会社,False,
世田谷,丸全運輸有限会社,False,
世田谷,丸秀運送株式会社,False,
世田谷,有限会社深山運送,False,
世田谷,有限会社丸和運送,False,
世田谷,本橋運送株式会社,False,
世田谷,有限会社諸梱包商事,False,
世田谷,株式会社悦興運,False,
世田谷,用賀運送株式会社,False,
世田谷,株式会社若運,False,
世田谷,株式会社ランナーズ,False,
目黒,有限会社アシスト,False,
世田谷,株式会社ロジリンク,False,
目黒,有限会社阿部運送,False,
目黒,荒井運送株式会社,False,
目黒,有澤運送株式会社,False,
目黒,株式会社アントレミツハシ,False,
目黒,カワベキャリーシステム株式会社,False,
目黒,風間運送有限会社,False,
目黒,五本木運送株式会社,False,
目黒,黒沼運送有限会社,False,
目黒,有限会社光洋運輸,False,
目黒,自由ヶ丘運送有限会社,False,
目黒,佐川急便株式会社　目黒営業所,False,
目黒,株式会社サンノウ,False,
目黒,株式会社セイショウ,False,
目黒,株式会社すぺーす百貨,False,
目黒,株式会社第一運輸,False,
目黒,東都輸送株式会社,False,
目黒,都立運送有限会社,False,
目黒,株式会社ニッシントランスポート,False,
目黒,目黒小型運送有限会社,False,
目黒,有限会社ヤグモ運輸,False,
目黒,有限会社万八運送店,False,
目黒,ユニック運送,False,
新宿,あぜがみ小型運送有限会社,False,
新宿,朝陽運輸株式会社,False,
新宿,株式会社アック,False,
新宿,有限会社阿部運送店,False,
新宿,荒木運送株式会社,False,
新宿,天草運送株式会社,False,
新宿,株式会社アール・エス運輸,False,
新宿,五十嵐運輸株式会社,False,
新宿,エスアイ運輸有限会社,False,
新宿,大島運輸株式会社,False,
新宿,株式会社エムエスエー,False,
新宿,有限会社エイチ・アイ・ユー,False,
新宿,有限会社梶屋運輸,False,
新宿,金子運輸株式会社,False,
新宿,株式会社カネヒロ,False,
新宿,有限会社共栄運送,False,
新宿,共同自動車株式会社,False,
新宿,有限会社菊地商事,False,
新宿,株式会社国際エキスプレス,False,
新宿,栗原運送株式会社,False,
新宿,国際空輸株式会社,False,
新宿,有限会社五幸エンタープライズ,False,
新宿,木挽運輸株式会社,False,
新宿,有限会社斎藤運輸,False,
新宿,佐川急便株式会社城西営業所,False,
新宿,有限会社志村運送,False,
新宿,有限会社正運社運送店,False,
新宿,株式会社新宿折込広告社,False,
新宿,新宿運輸商事株式会社,False,
新宿,有限会社新宿丸全運輸,False,
新宿,七福運送株式会社,False,
新宿,新宿貨物運送株式会社,False,
新宿,株式会社シンタ物流,False,
新宿,諏訪運輸株式会社,False,
新宿,西武運送株式会社,False,
新宿,大興運送株式会社,False,
新宿,有限会社大東梱包運輸,False,
新宿,株式会社伊達興業,False,
新宿,テイケイ株式会社運送事業部,False,
新宿,有限会社ティンカー便,False,
新宿,株式会社ＴＥＮＺＡＮ,False,
新宿,株式会社ドゥキャリー,False,
新宿,東洋総業株式会社,False,
新宿,株式会社トーワ・デリバリー,False,
新宿,株式会社トツカ,False,
新宿,東礼自動車株式会社,False,
新宿,有限会社富田運輸,False,
新宿,日本通運株式会社首都圏支店移転引越第三営業部,False,
新宿,有限会社ドレージサービス,False,
新宿,株式会社長井商事,False,
新宿,ハコブ株式会社,False,
新宿,蓮見運送有限会社,False,
新宿,長谷川運輸,False,
新宿,光運輸株式会社,False,
新宿,古屋運送株式会社,False,
新宿,株式会社深澤,False,
新宿,株式会社毎日輸送サービス,False,
新宿,小林運輸株式会社,False,
新宿,丸加運輸有限会社,False,
新宿,有限会社丸正運送店,False,
新宿,三菱電機ロジスティクス株式会社,False,
新宿,株式会社村山運輸,False,
新宿,山中運送株式会社,False,
新宿,有限会社うおみ,False,
新宿,株式会社ワタナベ流通,False,
新宿,和光運輸株式会社,False,
新宿,有限会社ロジキカク,False,
中野,有限会社赤尾運輸,False,
中野,緋田運輸株式会社,False,
中野,アクティー株式会社,False,
中野,アサヒディリバリー株式会社,False,
中野,伊藤輸送有限会社,False,
中野,石川運輸株式会社,False,
中野,株式会社いわい,False,
中野,大木運送株式会社,False,
中野,大野運輸有限会社,False,
中野,井口運輸株式会社,False,
中野,株式会社小川商会,False,
中野,太田運輸興業株式会社,False,
中野,協和硝子株式会社,False,
中野,株式会社クマクラ,False,
中野,五味運送株式会社,False,
中野,佐川急便株式会社　中野営業所,False,
中野,サトー運送株式会社,False,
中野,有限会社柴田運輸,False,
中野,正保運送株式会社,False,
中野,有限会社昭栄商会,False,
中野,助川運輸株式会社,False,
中野,城西運送株式会社,False,
中野,有限会社大通,False,
中野,大東運輸株式会社,False,
中野,株式会社ダイロク,False,
中野,東京糧穀運送株式会社,False,
中野,株式会社高木商事運輸,False,
中野,株式会社東京キャレーヂ,False,
中野,有限会社高宮運送店,False,
中野,中野運輸株式会社,False,
中野,日本梱送株式会社,False,
中野,中根運送有限会社,False,
中野,株式会社萩原運送,False,
中野,東中野運送有限会社,False,
中野,株式会社ビッグサービス運輸,False,
中野,株式会社ブレバリー,False,
中野,巻田商事有限会社,False,
中野,富士輸送株式会社,False,
中野,マルヤ運送株式会社,False,
中野,有限会社村田運輸,False,
中野,南日本運輸倉庫株式会社,False,
中野,株式会社武蔵野,False,
中野,有限会社吉村,False,
中野,リサイディアコーポレーション株式会社,False,
中野,有限会社渡辺商店,False,
杉並,TAKAIDOクールフロー株式会社,False,
杉並,アイユーシー株式会社,False,
杉並,朝日梱包運輸株式会社,False,
杉並,株式会社アクセス・トランスポート,False,
杉並,朝松運送有限会社,False,
杉並,有限会社アロハサービス,False,
杉並,井荻運送株式会社,False,
杉並,井出紙業株式会社,False,
杉並,株式会社伊東,False,
杉並,有限会社岩崎運送店,False,
杉並,有限会社うねめ運送店,False,
杉並,株式会社ウスダ,False,
杉並,株式会社エイトカワサキ,False,
杉並,栄和清運株式会社,False,
杉並,エムケーティエキスパート株式会社,False,
杉並,太田運輸株式会社,False,
杉並,有限会社岡本ピアノサービス,False,
杉並,株式会社オータカ,False,
杉並,株式会社カツマタテクニカルトランスポート,False,
杉並,株式会社エス・イー・ジェイ,False,
杉並,協和コーポレーション株式会社,False,
杉並,株式会社興産運輸,False,
杉並,埼玉やよい運送株式会社,False,
杉並,京北サービス株式会社,False,
杉並,株式会社コンガス,False,
杉並,株式会社坂村ワールドトランスポート,False,
杉並,佐川急便株式会社杉並営業所,False,
杉並,有限会社埼礼自動車,False,
杉並,佐川急便株式会社　武蔵野営業所,False,
杉並,ジーエスケイ株式会社,False,
杉並,株式会社佐藤運送,False,
杉並,株式会社志村運送,False,
杉並,有限会社シルバーアロー運輸,False,
杉並,株式会社スワンサービス,False,
杉並,成和運輸工事株式会社,False,
杉並,株式会社須田運輸,False,
杉並,セコム株式会社　西部センター,False,
杉並,太陽運輸有限会社,False,
杉並,株式会社ダイヤル運送,False,
杉並,田中商事株式会社運輸部,False,
杉並,株式会社中央梱包運輸,False,
杉並,東都輸送株式会社,False,
杉並,東京商運株式会社,False,
杉並,豊多摩通運株式会社,False,
杉並,日伸運輸株式会社,False,
杉並,株式会社トップ,False,
杉並,日本引越倉庫株式会社,False,
杉並,福永運送株式会社,False,
杉並,白陽運輸株式会社,False,
杉並,富久屋運送株式会社,False,
杉並,堀井運送株式会社,False,
杉並,松島運輸株式会社,False,
杉並,丸中梱包運輸株式会社,False,
杉並,松岡梱包商事株式会社,False,
杉並,丸鈴運送有限会社,False,
杉並,三原運送有限会社,False,
杉並,株式会社丸三容器,False,
杉並,株式会社山田産商,False,
杉並,株式会社山貴商事,False,
杉並,有限会社ＹＡＭＡＨＡＳＨＩ,False,
杉並,山谷運送株式会社,False,
杉並,山藤興業株式会社,False,
杉並,やよい運送株式会社,False,
杉並,吉田運輸株式会社,False,
杉並,株式会社緑伸,False,
杉並,株式会社ロードランナー,False,
杉並,ワカバ運輸株式会社,False,
杉並,株式会社渡辺興業,False,
文京,青柳運送有限会社,False,
文京,イサム通商有限会社,False,
文京,株式会社大原梱包運輸,False,
文京,勝亦運送有限会社,False,
文京,共立産業株式会社,False,
文京,株式会社コイシカワ,False,
文京,有限会社神戸運送店,False,
文京,株式会社国分,False,
文京,コスモ運輸株式会社,False,
文京,小林運送店,False,
文京,株式会社寿運送,False,
文京,有限会社小林ピアノ運送店,False,
文京,駒込運送株式会社,False,
文京,酒井梱包運輸有限会社,False,
文京,サンライン株式会社,False,
文京,佐川急便株式会社文京営業所,False,
文京,桜井梱包運輸株式会社,False,
文京,ジャパン シネ モービル株式会社,False,
文京,昭和梱包運送株式会社,False,
文京,ダイセーロジスティクス株式会社,False,
文京,センチュリー株式会社,False,
文京,竹浪運送店,False,
文京,有限会社東洋運輸商会,False,
文京,有限会社武井物流,False,
文京,長尾運送株式会社,False,
文京,有限会社古島運送,False,
文京,堀内運送株式会社,False,
文京,株式会社マルヤマサービス,False,
文京,丸進運輸株式会社,False,
文京,有限会社本田運送店,False,
文京,有限会社ミズキ,False,
文京,宮本運輸有限会社,False,
文京,若菜梱包運輸株式会社,False,
豊島,株式会社樹,False,
豊島,株式会社あやめ運輸,False,
文京,矢代運送有限会社,False,
豊島,有限会社栄光運輸,False,
豊島,江原運送株式会社,False,
豊島,株式会社榎本運輸,False,
豊島,株式会社オバタ,False,
豊島,有限会社北池運送,False,
豊島,小西運送有限会社,False,
豊島,三幸運輸株式会社,False,
豊島,株式会社シグマサービス,False,
豊島,株式会社白石商運,False,
豊島,有限会社サンみずほ,False,
豊島,有限会社鈴木運輸,False,
豊島,全国警備保障株式会社,False,
豊島,セイノースーパーエクスプレス株式会社,False,
豊島,大勝運輸株式会社,False,
豊島,有限会社大恵運輸,False,
豊島,大同自動車株式会社,False,
豊島,株式会社田島運送,False,
豊島,株式会社タカサゴ,False,
豊島,株式会社東京即売,False,
豊島,株式会社豊島タマヰ運輸,False,
豊島,株式会社藤田運送店,False,
豊島,明幸運輸有限会社,False,
豊島,三つ葉運輸株式会社,False,
豊島,やよい運輸有限会社,False,
板橋,有限会社アイライン,False,
板橋,秋間小型運送有限会社,False,
板橋,株式会社アドバンス芙蓉,False,
板橋,荒木屋興業運輸株式会社,False,
板橋,株式会社新井実業,False,
板橋,いきがい運輸株式会社板橋営業所,False,
板橋,ＡＳＫＵＬ　ＬＯＧＩＳＴ株式会社新宿営業所,False,
板橋,石島運送有限会社,False,
板橋,石坂運輸株式会社,False,
板橋,板橋運送株式会社,False,
板橋,株式会社イワショウ,False,
板橋,株式会社エスオーエス,False,
板橋,株式会社栄光,False,
板橋,大友運輸株式会社,False,
板橋,金子運送有限会社,False,
板橋,大山運送株式会社,False,
板橋,かつみ運輸有限会社,False,
板橋,神田運送有限会社,False,
板橋,カルガモ引越センター株式会社,False,
板橋,北町運送株式会社,False,
板橋,有限会社木原興業,False,
板橋,株式会社吉運サービス,False,
板橋,有限会社小出運輸,False,
板橋,株式会社興真運送,False,
板橋,髙運送株式会社,False,
板橋,光駿トレーラー輸送株式会社東京営業所,False,
板橋,株式会社ケイティーシー・ロジ,False,
板橋,幸生運輸有限会社,False,
板橋,幸徳運輸有限会社,False,
板橋,興和自動車株式会社,False,
板橋,有限会社齋藤運送,False,
板橋,株式会社伍代商事,False,
板橋,小松建設工事株式会社,False,
板橋,株式会社コバヤシユニオン,False,
板橋,寿ロジコム株式会社,False,
板橋,小橋運送有限会社,False,
板橋,有限会社佐華商運輸,False,
板橋,佐川急便株式会社城北営業所,False,
板橋,佐藤運輸有限会社,False,
板橋,有限会社桜川運送店,False,
板橋,三京建運株式会社,False,
板橋,有限会社三豊運輸,False,
板橋,志村貨物運送株式会社,False,
板橋,佐藤興業株式会社,False,
板橋,株式会社三雄,False,
板橋,三和起業株式会社,False,
板橋,株式会社シューハイ,False,
板橋,城北流通株式会社,False,
板橋,正和運送株式会社,False,
板橋,新協運輸倉庫有限会社,False,
板橋,新興運輸株式会社,False,
板橋,株式会社大協運輸,False,
板橋,大晶運輸倉庫株式会社,False,
板橋,株式会社シンクラン,False,
板橋,有限会社新協栄運輸,False,
板橋,大東実業株式会社,False,
板橋,大東京輸送株式会社,False,
板橋,ダイトー物流株式会社,False,
板橋,高津興業株式会社,False,
板橋,大日運送株式会社,False,
板橋,田口運送有限会社,False,
板橋,株式会社千葉運送,False,
板橋,中央陸運株式会社,False,
板橋,有限会社タキガミピアノ,False,
板橋,高宮運輸有限会社,False,
板橋,有限会社鶴見運送店,False,
板橋,東栄運送株式会社,False,
板橋,株式会社東京運搬社,False,
板橋,東京運輸株式会社,False,
板橋,東京サービス株式会社,False,
板橋,東京自動車運送株式会社,False,
板橋,株式会社東配,False,
板橋,東昇ビジネスサービス株式会社,False,
板橋,有限会社藤東運輸,False,
板橋,東武デリバリー株式会社,False,
板橋,東洋陸運株式会社,False,
板橋,株式会社トーウン機工,False,
板橋,株式会社東髙運輸,False,
板橋,株式会社トーウンＪＤ,False,
板橋,徳丸運輸倉庫株式会社,False,
板橋,徳丸商運株式会社,False,
板橋,豊田運送株式会社,False,
板橋,豊島運送株式会社,False,
板橋,株式会社中尾輸送商会,False,
板橋,有限会社仲宿貨物自動車,False,
板橋,豊島梱包運輸株式会社,False,
板橋,株式会社トランスポート・エースアンドエース,False,
板橋,長野運輸有限会社,False,
板橋,有限会社成田梱包,False,
板橋,成増運輸株式会社,False,
板橋,二興運輸株式会社,False,
板橋,株式会社日恵運輸,False,
板橋,株式会社日本デリバリーセンター,False,
板橋,日本運輸荷造株式会社,False,
板橋,株式会社ハイシステム,False,
板橋,八光運輸株式会社,False,
板橋,株式会社野地輸送,False,
板橋,日本搬送株式会社,False,
板橋,株式会社服部運輸倉庫,False,
板橋,株式会社ﾋｶﾞｼﾄｩｴﾝﾃｨﾜﾝ東京総合物流ｾﾝﾀｰ,False,
板橋,株式会社ヒサゴサービス,False,
板橋,平山運送有限会社,False,
板橋,ファミリー引越センター株式会社,False,
板橋,株式会社フジサービス,False,
板橋,福和運送有限会社,False,
板橋,不退運輸株式会社,False,
板橋,双葉運輸有限会社,False,
板橋,北越運輸株式会社,False,
板橋,株式会社プロテック,False,
板橋,文化運送有限会社,False,
板橋,北星運輸株式会社,False,
板橋,北斗システム輸送株式会社,False,
板橋,株式会社北陸産業,False,
板橋,星友運送有限会社,False,
板橋,丸尾運送株式会社,False,
板橋,まごころ寝台株式会社,False,
板橋,株式会社丸一物流,False,
板橋,有限会社丸加倉庫運輸,False,
板橋,株式会社丸喜運輸,False,
板橋,有限会社丸大運輸,False,
板橋,有限会社マルヘイ ノムラ,False,
板橋,株式会社マルホ運輸,False,
板橋,美樹運輸株式会社,False,
板橋,有限会社水島運輸,False,
板橋,みすゞ興業株式会社,False,
板橋,株式会社三葉運輸,False,
板橋,みかさ運送株式会社,False,
板橋,宮原運送株式会社,False,
板橋,宮尾運輸有限会社,False,
板橋,有限会社みゆき運輸,False,
板橋,明邦運輸株式会社,False,
板橋,茂呂運送店,False,
板橋,谷地運送株式会社,False,
板橋,矢嶋運輸株式会社,False,
板橋,山兼運送株式会社,False,
板橋,山手運送株式会社,False,
板橋,山一運輸株式会社,False,
板橋,山脇商事株式会社,False,
板橋,株式会社横商運輸,False,
板橋,株式会社レッカープラザ,False,
板橋,株式会社Red  Line,False,
板橋,株式会社四葉オートサービス,False,
板橋,株式会社ワーク商会,False,
練馬,泉流通株式会社,False,
練馬,井口運送株式会社,False,
練馬,株式会社安房運送,False,
練馬,稲垣運輸株式会社,False,
練馬,阿部運送株式会社,False,
練馬,今関運送株式会社,False,
練馬,株式会社磐根,False,
練馬,岩野運送有限会社,False,
練馬,エポック運送有限会社,False,
練馬,大木運送有限会社,False,
練馬,株式会社オオツカ,False,
練馬,株式会社大蔵,False,
練馬,小千谷運輸有限会社,False,
練馬,金澤運輸株式会社,False,
練馬,株式会社シムラ運送,False,
練馬,河北運輸株式会社,False,
練馬,株式会社ＣｈｏｋｕＳｈｉｎ,False,
練馬,有限会社紙商興産,False,
練馬,川崎運輸株式会社,False,
練馬,協和自動車輸送有限会社,False,
練馬,株式会社ケイ・エス・ライン,False,
練馬,ケイエス設備株式会社,False,
練馬,公栄運送有限会社,False,
練馬,クリーンサービス株式会社,False,
練馬,恒生運輸株式会社,False,
練馬,有限会社甲州屋河西商運,False,
練馬,公徳運輸株式会社,False,
練馬,株式会社黒真物流,False,
練馬,株式会社互助センター友の会,False,
練馬,株式会社コシロ,False,
練馬,三成工業株式会社,False,
練馬,株式会社コタケ,False,
練馬,斉藤梱包運輸有限会社,False,
練馬,志村運送株式会社,False,
練馬,株式会社商運サービス,False,
練馬,有限会社白上商会,False,
練馬,新栄運送有限会社,False,
練馬,株式会社信成,False,
練馬,新富運輸株式会社,False,
練馬,有限会社シンメイ,False,
練馬,信和運送有限会社,False,
練馬,株式会社鈴木商店,False,
練馬,株式会社すみれ交通,False,
練馬,有限会社瑞運トランスポートサービス,False,
練馬,株式会社スギロジスティクス,False,
練馬,株式会社関町運輸,False,
練馬,株式会社西部小型運輸,False,
練馬,株式会社相互梱包運送,False,
練馬,第一運送有限会社,False,
練馬,大心運輸株式会社,False,
練馬,有限会社大鳳運輸,False,
練馬,株式会社多田自動車運輸,False,
練馬,千歳運輸株式会社,False,
練馬,有限会社千代田流通サービス,False,
練馬,塚越運輸株式会社,False,
練馬,田丸運輸株式会社,False,
練馬,天龍運輸株式会社,False,
練馬,東京港運送株式会社,False,
練馬,株式会社東基サービス,False,
練馬,株式会社藤宝運輸,False,
練馬,東辰運輸有限会社,False,
練馬,株式会社東京祭典,False,
練馬,豊玉運輸倉庫株式会社,False,
練馬,有限会社トレックス・コーポレーション,False,
練馬,東明興業株式会社,False,
練馬,仲町運輸有限会社,False,
練馬,西村運輸株式会社,False,
練馬,有限会社日新運輸,False,
練馬,成増興業株式会社,False,
練馬,練馬運送株式会社,False,
練馬,バイオシステム有限会社,False,
練馬,柏栄産業株式会社,False,
練馬,有限会社パープルライン,False,
練馬,橋本運送有限会社,False,
練馬,長谷川運送有限会社,False,
練馬,株式会社ハザワ,False,
練馬,株式会社原澤運送,False,
練馬,早川運送有限会社,False,
練馬,株式会社ぴあ,False,
練馬,株式会社藤運輸,False,
練馬,株式会社古川商店,False,
練馬,誠運輸有限会社,False,
練馬,ホクシン運送株式会社,False,
練馬,光が丘運輸株式会社,False,
練馬,間嶋運送有限会社,False,
練馬,丸一急送株式会社,False,
練馬,丸乾運輸有限会社,False,
練馬,株式会社マルエム,False,
練馬,株式会社みやじ運送,False,
練馬,株式会社実有輝,False,
練馬,株式会社武蔵野ロジスティクス,False,
練馬,武蔵関運輸株式会社,False,
練馬,株式会社三良コーポレーション,False,
練馬,株式会社メッドトラスト東京,False,
練馬,茂呂運送株式会社,False,
練馬,有限会社弥栄運輸,False,
練馬,株式会社ヤトー・ロジ,False,
練馬,有限会社柳澤運送,False,
練馬,山喜運送有限会社,False,
練馬,山孝ネットワーク有限会社,False,
練馬,株式会社和田運輸,False,
練馬,株式会社リョウエイ物流,False,
練馬,株式会社山田洋治商店,False,
北,青柳運送有限会社,False,
練馬,株式会社渡邊運輸,False,
北,ＡＳＫＵＬ　ＬＯＧＩＳＴ株式会社豊島営業所,False,
北,有限会社井出運輸,False,
北,有限会社伊東運輸,False,
北,有限会社入船運輸,False,
北,上野運輸株式会社,False,
北,株式会社エスティーシステム,False,
北,エヌピー運輸関東株式会社新座営業所,False,
北,株式会社扇屋,False,
北,王子運送株式会社,False,
北,王子エクスプレス株式会社,False,
北,株式会社オカダトランス,False,
北,岡村美術運送店,False,
北,金重運送株式会社,False,
北,株式会社國昭輸送,False,
北,神田運送有限会社,False,
北,株式会社木多運輸,False,
北,北区小型運送株式会社,False,
北,共成運輸株式会社,False,
北,清澄運輸株式会社　浮間営業所,False,
北,栗田梱包運輸有限会社,False,
北,京北倉庫株式会社,False,
北,定方運送有限会社,False,
北,株式会社サニー運輸,False,
北,有限会社佐倉運送,False,
北,有限会社重野運輸,False,
北,澤田運送有限会社,False,
北,株式会社伸光堂物流,False,
北,有限会社新東京運輸,False,
北,新藤梱包運輸有限会社,False,
北,鈴秀運送有限会社,False,
北,有限会社第一管理運輸,False,
北,星豊運輸株式会社,False,
北,鷹の羽運輸株式会社,False,
北,有限会社滝運送店,False,
北,田口運送株式会社,False,
北,有限会社知脇運送店,False,
北,忠央運送有限会社,False,
北,照国運輸有限会社,False,
北,田端運輸株式会社,False,
北,株式会社ＤＮＰロジスティクス,False,
北,株式会社東京自動車・東京レッカー,False,
北,東京石川運送株式会社,False,
北,東鉄運輸株式会社,False,
北,東水梱包運輸株式会社,False,
北,藤和運輸株式会社,False,
北,都北運輸株式会社,False,
北,株式会社長野運輸,False,
北,西町運送株式会社,False,
北,有限会社豊島商事,False,
北,日産物流株式会社,False,
北,福村興運株式会社,False,
北,藤田運送株式会社,False,
北,松澤運輸株式会社,False,
北,松尾梱包運送有限会社,False,
北,丸昭運輸株式会社,False,
北,丸福運送有限会社,False,
北,水野運送株式会社,False,
北,矢作運輸株式会社,False,
北,美鈴運輸有限会社,False,
北,山大運輸株式会社,False,
北,山田運送有限会社,False,
北,有限会社和宏運輸,False,
台東,有限会社浅草運輸,False,
台東,朝日ビジネスサービス株式会社,False,
台東,飯島運送有限会社,False,
台東,有限会社伊藤次郎松商店,False,
台東,上野運送株式会社,False,
台東,有限会社大鷲運輸,False,
台東,Ｍ’ｓＬｉｎｅ株式会社,False,
台東,岡運送店,False,
台東,株式会社カーズ,False,
台東,株式会社葛飾物流,False,
台東,川西運輸株式会社,False,
台東,有限会社金子梱包運輸,False,
台東,カンテツ運輸株式会社,False,
台東,株式会社牛走運送,False,
台東,金方堂運輸株式会社,False,
台東,小松通商株式会社,False,
台東,有限会社コールド流通システム,False,
台東,佐川急便株式会社台東営業所,False,
台東,京北運送株式会社,False,
台東,株式会社シゲタイーエックス,False,
台東,システム運輸株式会社,False,
台東,株式会社シバサキ,False,
台東,島村運送株式会社,False,
台東,有限会社清水,False,
台東,昭和運送有限会社,False,
台東,新清運輸株式会社,False,
台東,有限会社ダイクラトランスポート,False,
台東,大義株式会社,False,
台東,株式会社全日本ガードシステム,False,
台東,株式会社大昌運輸,False,
台東,タイトー物流サービス株式会社,False,
台東,大明運輸株式会社,False,
台東,大徳運送株式会社,False,
台東,田中運送株式会社,False,
台東,タキザキロジスティクス株式会社,False,
台東,ティーオーピー・ロジ株式会社,False,
台東,株式会社TKYロジスティクス,False,
台東,東京浅草運送株式会社,False,
台東,中澤運送店,False,
台東,株式会社日本託送,False,
台東,春木運輸株式会社,False,
台東,藤特急物流株式会社,False,
台東,株式会社Ｎｅｗｚ,False,
台東,古郡運送株式会社,False,
台東,松本運送有限会社,False,
台東,丸一運輸株式会社,False,
台東,毎日運送有限会社,False,
台東,マルダイ運送株式会社,False,
台東,丸菊運輸有限会社,False,
台東,有限会社まこと屋エース,False,
深川,アイエムエキスプレス株式会社,False,
深川,株式会社アイライン物流,False,
台東,株式会社谷中田美術,False,
深川,秋葉運送株式会社,False,
深川,株式会社明之運送,False,
深川,朝日産業株式会社,False,
深川,秋山急送株式会社,False,
深川,ＡＳＫＵＬ　ＬＯＧＩＳＴ株式会社東京中央営業所,False,
深川,アジヤ運送株式会社,False,
深川,アヅマ・ロジテック株式会社,False,
深川,株式会社アベ,False,
深川,株式会社有明,False,
深川,有限会社安全運送店,False,
深川,飯村運送株式会社,False,
深川,イシスネットワークス株式会社,False,
深川,磯村運輸有限会社,False,
深川,有限会社石井運送店,False,
深川,出雲運輸有限会社,False,
深川,和泉運輸株式会社,False,
深川,イヌイ運送株式会社,False,
深川,入船運輸株式会社,False,
深川,有限会社内田運送,False,
深川,臼杵運送株式会社有明営業所,False,
深川,鱗運輸有限会社,False,
深川,永信商事株式会社,False,
深川,エス・シー・エス物流株式会社,False,
深川,株式会社ＳＮ・毎日物流センター,False,
深川,有限会社エーアンドアイ,False,
深川,江口運送株式会社,False,
深川,株式会社エスケーサービス,False,
深川,ＳＢフレームワークス株式会社,False,
深川,株式会社ＮＳロジ東日本　東京営業所,False,
深川,株式会社エスワイプロモーション,False,
深川,株式会社ＮＢＳロジソル東京港営業所,False,
深川,エバーサービス株式会社,False,
深川,株式会社海老原運送店,False,
深川,王子陸運株式会社,False,
深川,エンジニアリング・ヒロ株式会社東京支店,False,
深川,有限会社エムユー,False,
深川,大友運送株式会社,False,
深川,沖倉運送株式会社,False,
深川,株式会社大矢運送,False,
深川,有限会社大森商店,False,
深川,カサイ運輸株式会社,False,
深川,株式会社上総屋運送店,False,
深川,カトーレック株式会社美術輸送東京支店,False,
深川,カネ秀関東急送株式会社,False,
深川,株式会社金運,False,
深川,株式会社キノミヤ運送,False,
深川,株式会社エムズ・エイド,False,
深川,有限会社三枝商会,False,
深川,亀田運送有限会社,False,
深川,関東紙運輸株式会社,False,
深川,株式会社川口商事,False,
深川,有限会社川口運送,False,
深川,絹川屋運送株式会社,False,
深川,株式会社木村エクスプレス,False,
深川,株式会社京三運輸,False,
深川,有限会社協進,False,
深川,清澄運輸株式会社,False,
深川,ケーエルサービス東日本株式会社東京東営業所,False,
深川,株式会社グリーンライン,False,
深川,株式会社ケイシン,False,
深川,毛塚運輸株式会社,False,
深川,光和運輸有限会社,False,
深川,光洋運輸株式会社,False,
深川,株式会社クアトロ物流,False,
深川,サイショウ．エクスプレス株式会社,False,
深川,齋忠運輸株式会社,False,
深川,五興運輸株式会社,False,
深川,有限会社佐々木運送店,False,
深川,株式会社三喜運輸,False,
深川,株式会社三協商運,False,
深川,三港運輸株式会社,False,
深川,システム輸送株式会社,False,
深川,ＪＰトランスポートサービス株式会社,False,
深川,株式会社三恵運送,False,
深川,株式会社ジャックス,False,
深川,株式会社三進,False,
深川,JAPAN　EXPRESS株式会社,False,
深川,新大橋運輸株式会社,False,
深川,ジャパンエクスプレス株式会社,False,
深川,新光運送株式会社,False,
深川,新寿堂運輸株式会社,False,
深川,杉村運輸株式会社江東営業所,False,
深川,相東運輸株式会社,False,
深川,鈴木自動車運送株式会社,False,
深川,正光運輸株式会社,False,
深川,ステンレス急送株式会社,False,
深川,第一貨物株式会社東京支店,False,
深川,第一物流株式会社,False,
深川,大丸運輸倉庫株式会社,False,
深川,泰明運輸株式会社,False,
深川,大洋紙原有限会社,False,
深川,株式会社タイヨーリクテム,False,
深川,高野運送店,False,
深川,大和自動車株式会社,False,
深川,多摩運送株式会社東京辰巳営業所,False,
深川,中央市場運送株式会社,False,
深川,有限会社中央物流,False,
深川,中越運送株式会社東京支社輸送事業部,False,
深川,テイアンドエスサービス株式会社,False,
深川,有限会社築一運送,False,
深川,株式会社テイソウ物流サービス,False,
深川,株式会社東京桐生運輸,False,
深川,テツソー物流株式会社,False,
深川,有限会社東喜輸送,False,
深川,鐵伸運輸株式会社,False,
深川,東京トネックス株式会社,False,
深川,東京物流株式会社,False,
深川,東京ヤマダ運輸株式会社,False,
深川,有限会社東晃運輸,False,
深川,株式会社東京マルイ美術,False,
深川,東照運輸株式会社,False,
深川,株式会社東都春陽堂,False,
深川,東福運輸有限会社,False,
深川,有限会社東邦物流,False,
深川,有限会社都心エクスプレス,False,
深川,トーホー森吉株式会社,False,
深川,株式会社内藤運送店,False,
深川,中島運送有限会社,False,
深川,浪速運送株式会社,False,
深川,西原運輸株式会社,False,
深川,株式会社ナリタ,False,
深川,富島海運株式会社,False,
深川,株式会社日冠,False,
深川,日正運輸株式会社,False,
深川,日進運輸株式会社,False,
深川,日新商事運輸株式会社,False,
深川,日本紙運輸倉庫株式会社,False,
深川,株式会社日本協力,False,
深川,株式会社ネキストＥＸＰ,False,
深川,株式会社ネクスト　東京営業所,False,
深川,函館運送株式会社,False,
深川,原文運輸株式会社,False,
深川,有限会社のぞみ運輸,False,
深川,花澤運輸株式会社,False,
深川,長谷川運送有限会社,False,
深川,菱中海陸運輸株式会社東京営業所,False,
深川,深川豊洲運送有限会社,False,
深川,福山エクスプレス株式会社　東京営業所,False,
深川,株式会社フィフティーワン,False,
深川,福住運送株式会社,False,
深川,福山通運株式会社東京支店,False,
深川,富士共同物流株式会社,False,
深川,株式会社フコックス,False,
深川,有限会社藤澤運送店,False,
深川,冬木運送有限会社,False,
深川,ベル・テック株式会社,False,
深川,松浦運送有限会社,False,
深川,有限会社ベルサービス,False,
深川,株式会社ヒロカイ東京,False,
深川,松丸工事運輸株式会社,False,
深川,船橋貿易株式会社,False,
深川,丸徳運輸株式会社,False,
深川,有限会社丸正運送,False,
深川,有限会社ホクトコンテナ輸送,False,
深川,丸中運輸倉庫株式会社,False,
深川,三澤運送有限会社,False,
深川,町田運送株式会社,False,
深川,株式会社ムツミ　東京営業所,False,
深川,有限会社眞中運輸,False,
深川,有限会社丸オ奥田商店,False,
深川,村松機工運輸株式会社,False,
深川,株式会社毎日急行　有明営業所,False,
深川,有限会社マリーン輸送サービス,False,
深川,株式会社森田運輸,False,
深川,株式会社ヤマガタ,False,
深川,山豊運輸株式会社,False,
深川,安晴運輸有限会社,False,
深川,有限会社モリキン運送,False,
深川,吉川運送株式会社,False,
深川,株式会社横急,False,
深川,株式会社ヤマタネロジスティクス,False,
深川,結城運輸倉庫株式会社,False,
深川,山本運送株式会社,False,
深川,吉建生コンクリート株式会社,False,
深川,株式会社ラッキー商会,False,
深川,吉澤運輸株式会社,False,
深川,立正運送株式会社,False,
深川,株式会社友動運輸,False,
深川,菱新運輸株式会社,False,
深川,ロジ・エンジェル株式会社,False,
城東,株式会社アーバンフューネスコーポレーション,False,
深川,菱倉運輸株式会社,False,
深川,株式会社若洲,False,
深川,ロジ・ソリューション株式会社,False,
城東,ＳＢＳロジコム関東株式会社,False,
城東,株式会社青葉,False,
城東,アカツキ運輸有限会社,False,
城東,浅野興業株式会社,False,
城東,秋山建運株式会社,False,
城東,株式会社アクティオトランスポート,False,
城東,飯塚運送株式会社,False,
城東,株式会社秋葉貨物,False,
城東,アサヒロジスティクス株式会社,False,
城東,浅野運輸株式会社,False,
城東,有限会社阿部建機輸送,False,
城東,安房運輸株式会社,False,
城東,ウェルフロー株式会社,False,
城東,有限会社岩貢運送,False,
城東,ＳＢＳロジコム株式会社,False,
城東,株式会社インパクト,False,
城東,ＳＧムービング株式会社,False,
城東,株式会社ウエスト流通,False,
城東,ＳＢＳ即配サポート株式会社,False,
城東,大島運送有限会社,False,
城東,株式会社エキスプレス二十一,False,
城東,株式会社オーエストランス,False,
城東,株式会社オン・タイム,False,
城東,株式会社カトー物流,False,
城東,小澤商事株式会社,False,
城東,江商運輸株式会社,False,
城東,有限会社関東古紙流通センター,False,
城東,株式会社台場,False,
城東,興進運輸株式会社,False,
城東,グローリーＩＳＴ株式会社,False,
城東,共立輸送株式会社,False,
城東,江東運送株式会社,False,
城東,亀戸運送株式会社,False,
城東,株式会社小松土木,False,
城東,光陽物流株式会社,False,
城東,小松家運輸株式会社,False,
城東,株式会社サンコーサービス,False,
城東,株式会社薩南陸運,False,
城東,佐川急便株式会社,False,
城東,株式会社サンデリバリーシステム,False,
城東,斉藤運送株式会社,False,
城東,株式会社三商運輸,False,
城東,三陽梱包運送有限会社,False,
城東,有限会社シーティーエスエクスプレス,False,
城東,株式会社三和,False,
城東,上陽レミコン運輸株式会社,False,
城東,有限会社スカッド,False,
城東,シーピーコンテナ輸送株式会社,False,
城東,有限会社昭和エキスプレス,False,
城東,鈴直運輸株式会社,False,
城東,鈴直運送株式会社,False,
城東,砂町運輸株式会社,False,
城東,鈴直商事株式会社,False,
城東,株式会社鈴木運輸,False,
城東,株式会社砂町運輸,False,
城東,株式会社誠和トラスト,False,
城東,株式会社誠和,False,
城東,株式会社センコーリビングプラザ,False,
城東,株式会社セイコウ運輸,False,
城東,清和輸送株式会社,False,
城東,有限会社染常運送店,False,
城東,関根運送有限会社,False,
城東,有限会社大進社,False,
城東,太陽運輸株式会社,False,
城東,有限会社高橋運送,False,
城東,鷹羽運輸,False,
城東,タツキ輸送株式会社,False,
城東,電材運輸株式会社,False,
城東,中越テック株式会社,False,
城東,高吉運送有限会社,False,
城東,滝山運輸株式会社,False,
城東,有限会社玉井工業,False,
城東,東江運輸株式会社,False,
城東,東京運送株式会社,False,
城東,東京トラック運送株式会社,False,
城東,株式会社トータス カーアシスタンス,False,
城東,有限会社東京ライン,False,
城東,株式会社ナカノ商会,False,
城東,有限会社東西日中物流貿易,False,
城東,トラスト物流株式会社,False,
城東,ナカジマトーケン株式会社,False,
城東,株式会社中彦運送,False,
城東,成田運輸株式会社,False,
城東,中村運輸株式会社,False,
城東,日昭運輸株式会社,False,
城東,日通ﾄﾗﾝｽﾎﾟｰﾄ株式会社東京中央支店,False,
城東,株式会社中村商会,False,
城東,沼尾興業株式会社,False,
城東,日本図書輸送株式会社,False,
城東,沼田運送株式会社,False,
城東,株式会社日本システムサービス,False,
城東,有限会社根本運送店,False,
城東,林屋運輸有限会社,False,
城東,阪神協同作業株式会社,False,
城東,花澤流通株式会社,False,
城東,有限会社日高運送店,False,
城東,株式会社平山商事,False,
城東,笛木運送株式会社,False,
城東,(資)日の丸運送店,False,
城東,株式会社平野ロジスティクス東京営業所,False,
城東,本所倉庫運輸株式会社,False,
城東,株式会社フェニックス,False,
城東,松尾運輸株式会社,False,
城東,株式会社フジイ,False,
城東,株式会社ベーシック,False,
城東,株式会社ポストウェイ,False,
城東,有限会社丸勝運輸,False,
城東,株式会社丸加運送店,False,
城東,株式会社丸喜運輸,False,
城東,株式会社松永リサイクル,False,
城東,マルタ流通株式会社,False,
城東,有限会社丸秀運送店,False,
城東,丸盛輸送株式会社,False,
城東,有限会社丸豊佐藤運送,False,
城東,丸松運送有限会社,False,
城東,株式会社光美,False,
城東,有限会社丸橋運送店,False,
城東,宮内運送有限会社,False,
城東,有限会社丸芳田中屋運送,False,
城東,丸由運輸株式会社,False,
城東,有限会社三井運輸,False,
城東,八城運送有限会社,False,
城東,株式会社ユーエムサービス,False,
城東,有限会社山本運送店,False,
城東,有限会社山重渡辺運送店,False,
城東,宮坂運送株式会社,False,
城東,山新運輸株式会社,False,
城東,有限会社山正運輸,False,
城東,山敏自動車株式会社,False,
墨田,秋三運輸株式会社,False,
城東,吉村運送株式会社,False,
墨田,イノウ運輸株式会社,False,
墨田,阿久津運送株式会社,False,
城東,有限会社渡邊信一運送店,False,
墨田,岩田運送有限会社,False,
墨田,ＳＢＳフレックネット株式会社,False,
墨田,株式会社ウインズ,False,
墨田,株式会社アサヒエクス,False,
墨田,株式会社オーケーエクスプレス,False,
墨田,栄和運送有限会社,False,
墨田,有限会社小垣運輸,False,
墨田,岡田運送株式会社,False,
墨田,有限会社片岡運送,False,
墨田,有限会社風間運送店,False,
墨田,有限会社小花運送店,False,
墨田,有限会社岸運送,False,
墨田,川崎運送店,False,
墨田,鐘渕運送有限会社,False,
墨田,花王ロジスティクス株式会社,False,
墨田,木村運送株式会社,False,
墨田,株式会社桑久保運輸,False,
墨田,岸波運輸株式会社,False,
墨田,株式会社キタザワ引越センター,False,
墨田,有限会社黒川パッケージ,False,
墨田,互協物流株式会社,False,
墨田,櫻井運輸株式会社,False,
墨田,株式会社銀河,False,
墨田,佐川急便株式会社墨田営業所,False,
墨田,斉藤運輸有限会社,False,
墨田,笹島運送店,False,
墨田,株式会社ジェイアール東日本物流,False,
墨田,有限会社ジャパンアシスト,False,
墨田,新海陸運株式会社,False,
墨田,有限会社佐藤興業,False,
墨田,有限会社佐和田運送,False,
墨田,株式会社シージーエス,False,
墨田,有限会社三之橋運輸,False,
墨田,株式会社ジャパンロジスティクス,False,
墨田,株式会社伸盛社,False,
墨田,鈴島運送店,False,
墨田,スミダ運送有限会社,False,
墨田,センコーエーラインアマノ株式会社,False,
墨田,鈴村梱包運輸株式会社,False,
墨田,隅田倉庫株式会社,False,
墨田,有限会社誠和梱包運輸,False,
墨田,関口運送株式会社,False,
墨田,清興運輸株式会社,False,
墨田,大進運送有限会社,False,
墨田,(資)宗田運送店,False,
墨田,株式会社ソーア,False,
墨田,大剛運輸株式会社,False,
墨田,髙田運輸株式会社,False,
墨田,燕運送株式会社,False,
墨田,竹内運送有限会社,False,
墨田,たつみ運輸株式会社,False,
墨田,株式会社田中組,False,
墨田,高木運輸株式会社,False,
墨田,株式会社タチバナ,False,
墨田,中央急送株式会社,False,
墨田,帝都運輸機工株式会社,False,
墨田,東倉運輸有限会社,False,
墨田,東京食料運輸株式会社,False,
墨田,東京荷役管理株式会社,False,
墨田,東日株式会社,False,
墨田,有限会社ときわ運輸,False,
墨田,遠山運送有限会社,False,
墨田,中里運送株式会社,False,
墨田,日興運輸株式会社,False,
墨田,株式会社東都運搬社,False,
墨田,中西運送店,False,
墨田,日通隅田川運輸株式会社,False,
墨田,有限会社ニューライン東京,False,
墨田,ハッコー開発株式会社,False,
墨田,株式会社ハヤシ配送サービス,False,
墨田,有限会社日鉄運輸,False,
墨田,野村運送株式会社,False,
墨田,花村運送株式会社,False,
墨田,有限会社バードエキスプレス,False,
墨田,株式会社ヒューテックノオリン,False,
墨田,広田ユニオン株式会社,False,
墨田,平野運送株式会社,False,
墨田,有限会社藤孝運輸,False,
墨田,有限会社藤屋運輸,False,
墨田,ファースト運輸株式会社,False,
墨田,株式会社古郡運送,False,
墨田,株式会社丸運ロジスティクス関東,False,
墨田,まるあ秋元運送有限会社,False,
墨田,丸慶運送株式会社,False,
墨田,墨東企業運輸株式会社,False,
墨田,有限会社ミスター,False,
墨田,丸正運輸株式会社,False,
墨田,有限会社丸共運送店,False,
墨田,マルコ運輸株式会社,False,
墨田,三ッ木運送株式会社,False,
墨田,向島運送株式会社,False,
墨田,有限会社山内運送店,False,
墨田,山田運送有限会社,False,
墨田,ライオン運輸株式会社,False,
墨田,有限会社八広山田,False,
墨田,株式会社ユーニック,False,
墨田,吉羽運送店,False,
墨田,利幸運輸倉庫有限会社,False,
墨田,株式会社凌雲物流,False,
墨田,若林運送株式会社,False,
江戸川,株式会社アースカーゴ,False,
墨田,ライオン流通サービス株式会社,False,
江戸川,相川運送有限会社,False,
江戸川,愛国運輸倉庫株式会社,False,
江戸川,アール企画株式会社,False,
江戸川,株式会社IBコーポレーション,False,
江戸川,明野運輸株式会社,False,
江戸川,有限会社青柳工業所,False,
江戸川,有限会社相蘇商事,False,
江戸川,アサヒエンタープライズ有限会社,False,
江戸川,有限会社秋葉興業,False,
江戸川,アペニンコーポレーション株式会社,False,
江戸川,株式会社アロックス,False,
江戸川,有限会社井坂運送,False,
江戸川,有限会社石井運輸,False,
江戸川,株式会社アンビシャス,False,
江戸川,株式会社岩井田運送,False,
江戸川,井阪運輸株式会社東京営業所,False,
江戸川,株式会社岩瀬運輸機工,False,
江戸川,イツモ株式会社,False,
江戸川,株式会社泉土木,False,
江戸川,岩楯運送有限会社,False,
江戸川,伊東運輸株式会社,False,
江戸川,有限会社岩楯コーポレーション,False,
江戸川,岩立運送有限会社,False,
江戸川,宇佐美運輸株式会社,False,
江戸川,内宮運輸機工株式会社,False,
江戸川,株式会社宇田川運送,False,
江戸川,控井運送株式会社,False,
江戸川,梅沢運送有限会社,False,
江戸川,株式会社ウェーブ物流,False,
江戸川,有限会社内田商会,False,
江戸川,海野運送株式会社,False,
江戸川,梅田運輸株式会社,False,
江戸川,エーエム商事有限会社,False,
江戸川,有限会社エーエムエル,False,
江戸川,株式会社ＳＹ,False,
江戸川,江戸川貨物運輸株式会社,False,
江戸川,有限会社エクセレント急便,False,
江戸川,有限会社エスケー流通,False,
江戸川,株式会社ＡＫ・ファクトリー,False,
江戸川,株式会社ＳＩＴ,False,
江戸川,有限会社江戸川小型輸送サービスセンター,False,
江戸川,株式会社エム・エスサービス,False,
江戸川,江戸鉄輸送株式会社,False,
江戸川,株式会社エヌトランス,False,
江戸川,株式会社エムティーロジ,False,
江戸川,株式会社エムライン,False,
江戸川,エムズワークス株式会社,False,
江戸川,株式会社エムワイトランスポート,False,
江戸川,生沼輸送株式会社,False,
江戸川,大塚運送株式会社,False,
江戸川,生沼運輸倉庫株式会社,False,
江戸川,株式会社生沼トランスポート,False,
江戸川,有限会社大川運送店,False,
江戸川,小川運送有限会社,False,
江戸川,開星運輸株式会社,False,
江戸川,有限会社葛西橋運輸,False,
江戸川,葛西物流株式会社,False,
江戸川,小俣運送有限会社,False,
江戸川,小野運送株式会社,False,
江戸川,株式会社オリエンタル運輸,False,
江戸川,柏尾運輸株式会社,False,
江戸川,葛西陸運株式会社,False,
江戸川,勝浦興運株式会社,False,
江戸川,株式会社葛飾物流　八街営業所,False,
江戸川,株式会社W　I　T,False,
江戸川,株式会社スリーエスロードサービス,False,
江戸川,株式会社Ｊ．Ｊ,False,
江戸川,有限会社勝己運輸,False,
江戸川,株式会社H＆R,False,
江戸川,株式会社彦新,False,
江戸川,株式会社カネコ運輸,False,
江戸川,川崎運送株式会社,False,
江戸川,有限会社河日商事,False,
江戸川,関東名鉄運輸株式会社,False,
江戸川,関東トラック株式会社,False,
江戸川,川商運輸有限会社,False,
江戸川,有限会社川田運輸,False,
江戸川,関東輸送株式会社,False,
江戸川,株式会社川村運輸倉庫,False,
江戸川,関東運送株式会社,False,
江戸川,関東商事株式会社,False,
江戸川,株式会社菊商,False,
江戸川,株式会社共同,False,
江戸川,有限会社キャスコジャパン,False,
江戸川,協栄運輸有限会社,False,
江戸川,株式会社協同企画,False,
江戸川,株式会社桑川運輸,False,
江戸川,株式会社グリーンステージ江戸川営業所,False,
江戸川,有限会社倉川運輸　本社営業所,False,
江戸川,栗田運輸株式会社,False,
江戸川,株式会社グンリック,False,
江戸川,株式会社京葉グループ,False,
江戸川,有限会社ケーズワークス,False,
江戸川,小岩倉庫運輸株式会社,False,
江戸川,小岩相互運輸株式会社,False,
江戸川,港商運輸株式会社,False,
江戸川,株式会社京葉興業,False,
江戸川,江陽運送株式会社,False,
江戸川,株式会社啓和運輸,False,
江戸川,有限会社幸洋運送,False,
江戸川,小岩貨物運輸株式会社,False,
江戸川,興徳運送株式会社,False,
江戸川,株式会社光陽ライン,False,
江戸川,株式会社コスモス運輸,False,
江戸川,小林運送有限会社,False,
江戸川,株式会社廣和運送,False,
江戸川,小島運送株式会社,False,
江戸川,有限会社斎藤運送店,False,
江戸川,株式会社坂倉,False,
江戸川,株式会社サイコー,False,
江戸川,佐久間運送株式会社,False,
江戸川,佐川急便株式会社城東営業所,False,
江戸川,サクラ運輸株式会社,False,
江戸川,株式会社佐源,False,
江戸川,有限会社三栄運輸,False,
江戸川,さわだ物流株式会社,False,
江戸川,佐々木土木株式会社,False,
江戸川,有限会社三京,False,
江戸川,有限会社三幸運輸,False,
江戸川,三洋運輸有限会社,False,
江戸川,三興運輸株式会社,False,
江戸川,有限会社三晃運輸,False,
江戸川,三成運輸株式会社,False,
江戸川,株式会社サンコー流通センター,False,
江戸川,有限会社サン商運,False,
江戸川,有限会社三進運輸機工,False,
江戸川,株式会社三洋エクスプレス,False,
江戸川,株式会社ＪＳＭ,False,
江戸川,有限会社潮見運輸,False,
江戸川,シー・シー・ユー有限会社,False,
江戸川,しぎはら運輸有限会社,False,
江戸川,信濃運輸株式会社,False,
江戸川,柴又運輸株式会社,False,
江戸川,ジェイカス株式会社,False,
江戸川,シナノライン株式会社,False,
江戸川,柴田運送有限会社,False,
江戸川,島村運輸倉庫株式会社,False,
江戸川,株式会社下沢自動車,False,
江戸川,有限会社翔栄運輸,False,
江戸川,正和商事運輸株式会社,False,
江戸川,上伸物流株式会社,False,
江戸川,下山運輸株式会社,False,
江戸川,株式会社伸光,False,
江戸川,新木運輸株式会社,False,
江戸川,有限会社新藤運輸商事,False,
江戸川,城東低温輸送株式会社,False,
江戸川,有限会社末広運輸,False,
江戸川,信栄興業株式会社,False,
江戸川,鈴鹿貨物株式会社,False,
江戸川,諏訪運送有限会社,False,
江戸川,杉繁運輸株式会社,False,
江戸川,株式会社セイナントランスポート,False,
江戸川,有限会社鈴木興運,False,
江戸川,株式会社すなば運輸,False,
江戸川,誠伸運輸株式会社,False,
江戸川,株式会社盛運,False,
江戸川,染谷運輸株式会社,False,
江戸川,セントライナー株式会社,False,
江戸川,泰平運輸株式会社,False,
江戸川,株式会社ダイイチロジスティクス,False,
江戸川,有限会社大輝,False,
江戸川,第三運輸倉庫株式会社,False,
江戸川,株式会社高木運輸,False,
江戸川,有限会社タケナカ物流,False,
江戸川,大増運輸有限会社,False,
江戸川,有限会社隆美産業,False,
江戸川,有限会社竹之内運輸,False,
江戸川,株式会社タカダ・トランスポートサービス,False,
江戸川,有限会社竹和商会,False,
江戸川,竹村セメント工業株式会社,False,
江戸川,株式会社田中金属,False,
江戸川,田中興運株式会社,False,
江戸川,田中産業株式会社,False,
江戸川,株式会社田中興産重量運輸,False,
江戸川,田中倉庫運送有限会社,False,
江戸川,中央運輸興業株式会社,False,
江戸川,田中商事株式会社,False,
江戸川,田邊運輸株式会社,False,
江戸川,辻中運送有限会社,False,
江戸川,千代田重機工事株式会社,False,
江戸川,株式会社月吉,False,
江戸川,株式会社束田商事,False,
江戸川,天空物流株式会社,False,
江戸川,つるとみ運輸株式会社,False,
江戸川,株式会社デュオ,False,
江戸川,天山運輸株式会社,False,
江戸川,東亜物流株式会社,False,
江戸川,東海運輸株式会社,False,
江戸川,東京合通株式会社,False,
江戸川,株式会社東新エンジニアリング,False,
江戸川,株式会社東京急送,False,
江戸川,東神急送有限会社,False,
江戸川,東光運輸株式会社,False,
江戸川,東光運送株式会社,False,
江戸川,東清商運株式会社,False,
江戸川,株式会社東高運輸,False,
江戸川,東武高活運輸株式会社,False,
江戸川,東丸運輸株式会社,False,
江戸川,東鉄運輸株式会社,False,
江戸川,有限会社東千運輸,False,
江戸川,藤陸運輸株式会社,False,
江戸川,株式会社トートラ,False,
江戸川,東北丸八運輸株式会社,False,
江戸川,トーレイ輸送株式会社,False,
江戸川,東和運送株式会社東京支店,False,
江戸川,株式会社都市環境エンジニアリング,False,
江戸川,トーホーサービス株式会社,False,
江戸川,長崎興業株式会社,False,
江戸川,有限会社冨岡運送店,False,
江戸川,株式会社友寄建材,False,
江戸川,有限会社中村商事,False,
江戸川,株式会社トップラン,False,
江戸川,長崎輸送株式会社,False,
江戸川,ナノテクニカルキャリー株式会社,False,
江戸川,株式会社ＮＵＴＳ,False,
江戸川,南国運送有限会社,False,
江戸川,有限会社西野運送,False,
江戸川,有限会社中長,False,
江戸川,有限会社夏井輸送,False,
江戸川,nissa line株式会社,False,
江戸川,株式会社日祥物流,False,
江戸川,日米産業株式会社,False,
江戸川,西口物流株式会社,False,
江戸川,株式会社ニッタ,False,
江戸川,日本通運株式会社隅田川支店,False,
江戸川,日清運輸株式会社,False,
江戸川,株式会社日本オフィスオートメーション,False,
江戸川,有限会社萩原運輸機工,False,
江戸川,芳賀運輸株式会社,False,
江戸川,日本シルバー運輸有限会社,False,
江戸川,株式会社野辺運輸,False,
江戸川,有限会社日本カーゴシステム,False,
江戸川,野村運送株式会社,False,
江戸川,はやぶさ運輸株式会社,False,
江戸川,長谷川運輸株式会社,False,
江戸川,株式会社林運輸,False,
江戸川,晴海運輸株式会社,False,
江戸川,株式会社ビクトリー,False,
江戸川,有限会社張替運送,False,
江戸川,日の出コンテナライン株式会社,False,
江戸川,有限会社ハルエ,False,
江戸川,株式会社春江,False,
江戸川,有限会社ＦＩＥＬＤ ＡＮＤ ＰＥＡＣＥ,False,
江戸川,平田紙興株式会社,False,
江戸川,有限会社ファースト企画,False,
江戸川,福田サンワーク有限会社,False,
江戸川,藤島運輸株式会社,False,
江戸川,株式会社福鉄運輸,False,
江戸川,株式会社プエブロ,False,
江戸川,有限会社フジ商会,False,
江戸川,有限会社藤岩運輸,False,
江戸川,株式会社富士屋運送,False,
江戸川,富士川陸運株式会社,False,
江戸川,武雄運送有限会社,False,
江戸川,株式会社フジヒロ,False,
江戸川,株式会社ヘイワサービス,False,
江戸川,富士流通有限会社,False,
江戸川,豊栄運輸株式会社,False,
江戸川,株式会社プレジャー,False,
江戸川,有限会社ベストトランスポート,False,
江戸川,株式会社HEAVEN,False,
江戸川,株式会社辨天おがわ運輸,False,
江戸川,芳新物流株式会社,False,
江戸川,芳商物流株式会社,False,
江戸川,北明産業株式会社,False,
江戸川,株式会社ホーワ,False,
江戸川,株式会社細田重機運輸,False,
江戸川,有限会社堀田運送,False,
江戸川,有限会社誠重機,False,
江戸川,株式会社保志運輸,False,
江戸川,有限会社曲山商店,False,
江戸川,有限会社マサギ商事運輸,False,
江戸川,有限会社眞鍋運送,False,
江戸川,有限会社松下運送,False,
江戸川,益子工業株式会社,False,
江戸川,松崎梱包運輸株式会社,False,
江戸川,町田運送店株式会社,False,
江戸川,有限会社松島運輸,False,
江戸川,丸栄運送有限会社,False,
江戸川,株式会社丸石産業,False,
江戸川,株式会社丸久斉藤倉庫運送,False,
江戸川,マルシン運輸株式会社,False,
江戸川,有限会社丸紘運輸,False,
江戸川,株式会社マルコチロックス,False,
江戸川,有限会社丸善急送,False,
江戸川,丸柴輸送有限会社,False,
江戸川,マルニ運輸有限会社,False,
江戸川,マルト運送有限会社,False,
江戸川,丸相日の出運送有限会社,False,
江戸川,有限会社丸松重機運輸,False,
江戸川,株式会社マルモ,False,
江戸川,丸吉運送有限会社,False,
江戸川,丸み運送有限会社,False,
江戸川,有限会社マルミヤ運送,False,
江戸川,萬盛運輸有限会社,False,
江戸川,有限会社丸吉重機,False,
江戸川,みのり運輸株式会社,False,
江戸川,三竹運送有限会社,False,
江戸川,株式会社ミー・ロジ,False,
江戸川,三浦運送株式会社,False,
江戸川,有限会社湊運輸,False,
江戸川,株式会社ムトウ,False,
江戸川,株式会社ムソー,False,
江戸川,妙旬株式会社,False,
江戸川,有限会社ミホタカ,False,
江戸川,株式会社三芳エキスプレス,False,
江戸川,株式会社メガロシティーカーゴ,False,
江戸川,明神運輸株式会社,False,
江戸川,村山運送株式会社,False,
江戸川,株式会社ヤハギ環境,False,
江戸川,森近運輸株式会社,False,
江戸川,有限会社明鉄運輸,False,
江戸川,明大運送有限会社,False,
江戸川,八武崎運送株式会社,False,
江戸川,有限会社山井運送店,False,
江戸川,有限会社八武運輸,False,
江戸川,有限会社山一運送,False,
江戸川,株式会社山武運輸,False,
江戸川,郵運システム株式会社,False,
江戸川,山一運送株式会社,False,
江戸川,山和運輸株式会社,False,
江戸川,山富運送株式会社,False,
江戸川,有隣運輸株式会社,False,
江戸川,有限会社キャリムトランス,False,
江戸川,吉野運輸倉庫株式会社,False,
江戸川,株式会社義建,False,
江戸川,株式会社吉野屋運輸,False,
江戸川,横山運送株式会社,False,
江戸川,米井運送株式会社,False,
江戸川,株式会社リュウオー,False,
江戸川,株式会社リネット,False,
江戸川,株式会社Ｒｅｂｉｃ,False,
江戸川,菱幸運輸株式会社,False,
江戸川,株式会社リュウセイ,False,
江戸川,株式会社レンタルサービス運輸,False,
江戸川,株式会社ロジスター,False,
江戸川,若葉運送株式会社,False,
江戸川,株式会社ワークオンクリエイト,False,
江戸川,渡部運送店,False,
江戸川,株式会社ロンド,False,
葛飾,株式会社アイワ運輸,False,
江戸川,ロジスペック株式会社,False,
葛飾,赤城運送有限会社,False,
葛飾,青戸運送株式会社,False,
葛飾,有限会社アサヒサービス,False,
葛飾,アサヒ急送株式会社,False,
葛飾,株式会社ｍｙサービス,False,
葛飾,株式会社アサヒセキュリティ,False,
葛飾,有限会社アルプス工業,False,
葛飾,アルファテック株式会社,False,
葛飾,株式会社ｱｽﾄﾓｽｶﾞｽｾﾝﾀｰ千葉東東京事業所,False,
葛飾,東清掃株式会社,False,
葛飾,イーグル貨物運輸株式会社,False,
葛飾,株式会社アンカーネットワークサービス,False,
葛飾,有限会社猪野運送,False,
葛飾,株式会社石橋,False,
葛飾,株式会社エイチ・ビー・エス,False,
葛飾,株式会社飯島企画,False,
葛飾,株式会社今井商事,False,
葛飾,株式会社太田運輸,False,
葛飾,エスライン運輸株式会社,False,
葛飾,株式会社オーケートランスポート,False,
葛飾,大島運輸株式会社,False,
葛飾,有限会社岡田運輸,False,
葛飾,大谷清運株式会社,False,
葛飾,株式会社金町興業運輸,False,
葛飾,有限会社大原運輸,False,
葛飾,小野運送有限会社,False,
葛飾,尾花興業株式会社,False,
葛飾,株式会社関東ロジスティクス,False,
葛飾,株式会社協伸商事,False,
葛飾,鎌倉運輸株式会社,False,
葛飾,有限会社菅野運輸,False,
葛飾,久仁運輸株式会社,False,
葛飾,株式会社錦江,False,
葛飾,有限会社キャリーアート,False,
葛飾,株式会社共和興業,False,
葛飾,有限会社倉持運送店,False,
葛飾,熊谷商事,False,
葛飾,小岩興業株式会社,False,
葛飾,広域産業有限会社,False,
葛飾,株式会社小島,False,
葛飾,弘和運輸有限会社,False,
葛飾,株式会社合同運輸,False,
葛飾,弘立倉庫株式会社,False,
葛飾,株式会社サカイ引越センター,False,
葛飾,鴻池運輸株式会社関東中央支店城東営業所,False,
葛飾,株式会社五幸総業,False,
葛飾,株式会社三基ロジスティクス,False,
葛飾,コスズメ梱包運輸株式会社,False,
葛飾,株式会社真田,False,
葛飾,有限会社先山商店,False,
葛飾,有限会社三興運輸,False,
葛飾,有限会社坂内運送,False,
葛飾,有限会社島貫運送,False,
葛飾,柴通株式会社,False,
葛飾,株式会社サンケイ折込輸送,False,
葛飾,株式会社新城商運,False,
葛飾,白井通運株式会社隅田川営業所,False,
葛飾,新菱花運輸株式会社,False,
葛飾,有限会社清水運送,False,
葛飾,昭和運輸倉庫株式会社,False,
葛飾,株式会社城東輸送,False,
葛飾,有限会社すずか梱包運輸,False,
葛飾,精工運輸有限会社,False,
葛飾,有限会社大吉運輸,False,
葛飾,高千穂急送株式会社,False,
葛飾,株式会社聖東運輸,False,
葛飾,高嶺清掃株式会社,False,
葛飾,有限会社宝運送店,False,
葛飾,相互運輸株式会社,False,
葛飾,滝興運株式会社,False,
葛飾,株式会社竹中興運,False,
葛飾,田中運送株式会社,False,
葛飾,中央梱包運輸株式会社,False,
葛飾,株式会社ＴＭＴ,False,
葛飾,東澤運送有限会社,False,
葛飾,東京荒井清運送株式会社,False,
葛飾,東幸運輸有限会社,False,
葛飾,株式会社東京ロジネッツ,False,
葛飾,株式会社東邦浅間運輸,False,
葛飾,株式会社トリップス,False,
葛飾,東都運輸株式会社,False,
葛飾,東翔運輸株式会社,False,
葛飾,長澤運送株式会社,False,
葛飾,株式会社鍋山通商,False,
葛飾,株式会社野口六郎運送店,False,
葛飾,中村梱包商事株式会社,False,
葛飾,株式会社日幸,False,
葛飾,日本通運株式会社首都圏支店　移転引越第二営業部,False,
葛飾,株式会社ＨＯＮＥＹ,False,
葛飾,八信陸運株式会社,False,
葛飾,有限会社野広運輸,False,
葛飾,株式会社ハート引越センター,False,
葛飾,光運送有限会社,False,
葛飾,株式会社ビッグワン・コバヤシ,False,
葛飾,株式会社平澤運送,False,
葛飾,株式会社北南海陸,False,
葛飾,株式会社本田工業運輸,False,
葛飾,株式会社フジデン運送,False,
葛飾,株式会社ひまわり総合サービス,False,
葛飾,藤川運輸株式会社,False,
葛飾,株式会社マスダ運輸,False,
葛飾,鞠子運送株式会社,False,
葛飾,松本運送株式会社,False,
葛飾,有限会社モガミ商会,False,
葛飾,有限会社ミツマ商事,False,
葛飾,株式会社ヤカタ興運,False,
葛飾,丸善運送有限会社,False,
葛飾,有限会社安田運送,False,
葛飾,ヤザキ運輸株式会社,False,
葛飾,株式会社光星運輸,False,
葛飾,株式会社ヤナギＥＸＰＲＥＳＳ,False,
葛飾,八潮ネクサス株式会社,False,
葛飾,八ッ峰運輸株式会社,False,
葛飾,株式会社友愛運輸,False,
葛飾,株式会社ユニオン物流,False,
葛飾,株式会社ＲＵＳＨ,False,
葛飾,レンゴーロジスティクス株式会社　葛飾営業所,False,
葛飾,山元運輸有限会社,False,
葛飾,菱東運輸倉庫株式会社,False,
葛飾,株式会社ロジパルエクスプレス,False,
葛飾,株式会社ワタコー,False,
荒川,有限会社新井運送,False,
荒川,アサヒ産業株式会社,False,
荒川,伊藤運送株式会社,False,
荒川,株式会社安達運送,False,
荒川,稲吉運輸株式会社,False,
荒川,株式会社飯田運送,False,
荒川,栄光産業株式会社,False,
荒川,安立運輸株式会社,False,
荒川,株式会社市江運輸,False,
荒川,エスエイロジテム株式会社,False,
荒川,大橋運送有限会社,False,
荒川,株式会社大谷運送店,False,
荒川,柿沼貨物運輸有限会社,False,
荒川,株式会社小高商事,False,
荒川,株式会社小澤運送店,False,
荒川,神谷運輸株式会社,False,
荒川,カワサキ有限会社,False,
荒川,株式会社金原運送店,False,
荒川,有限会社金運,False,
荒川,川村運送株式会社,False,
荒川,熊井梱包運輸株式会社,False,
荒川,共立運送株式会社,False,
荒川,佐川急便株式会社荒川営業所,False,
荒川,岸澤運輸株式会社,False,
荒川,有限会社ギャラント商事,False,
荒川,佐々木運送店,False,
荒川,株式会社コミヤマ,False,
荒川,志水倉庫株式会社,False,
荒川,下川運輸有限会社,False,
荒川,株式会社昭光物流システム,False,
荒川,志村興運株式会社,False,
荒川,株式会社サンウェイ,False,
荒川,城北食糧運送株式会社,False,
荒川,有限会社白戸運輸,False,
荒川,有限会社杉山流通機工,False,
荒川,有限会社常陽運送店,False,
荒川,株式会社鈴木運送店,False,
荒川,有限会社諏訪運送店,False,
荒川,株式会社新日本ロジスティクス,False,
荒川,鈴廣運輸株式会社,False,
荒川,田端運送株式会社,False,
荒川,隅田川運送株式会社,False,
荒川,有限会社セキヤ運送,False,
荒川,有限会社善速運輸,False,
荒川,株式会社附木運輸,False,
荒川,株式会社千代田セレモニー,False,
荒川,株式会社柘植運送店,False,
荒川,同和運輸株式会社,False,
荒川,東興運輸有限会社,False,
荒川,株式会社ときわ,False,
荒川,東京西濃運輸株式会社,False,
荒川,日東通運株式会社,False,
荒川,株式会社日山,False,
荒川,株式会社東日本物流サービス　東京営業所,False,
荒川,南光運輸株式会社東京支店,False,
荒川,株式会社福東運輸,False,
荒川,丸吉運送有限会社,False,
荒川,平田倉庫運輸株式会社,False,
荒川,藤沼運送有限会社,False,
荒川,丸星運輸有限会社,False,
荒川,松原運送有限会社,False,
荒川,有限会社松井運送店,False,
荒川,明和流通システム株式会社,False,
荒川,有限会社丸仲運輸,False,
荒川,株式会社丸和通運,False,
荒川,有限会社三ッ橋運送店,False,
荒川,山孝運送有限会社,False,
荒川,元嶋運輸有限会社,False,
足立,ALSOK関東デリバリー株式会社,False,
荒川,有限会社山崎梱包,False,
足立,株式会社アーネストウンユ,False,
荒川,ヤマキ運送有限会社,False,
荒川,有限会社山藤梱包運輸,False,
荒川,ユタカ運輸倉庫株式会社,False,
足立,アークトラフィック株式会社,False,
足立,有限会社暁運送,False,
足立,朝日運輸株式会社,False,
足立,株式会社アクセス,False,
足立,吾妻運輸株式会社,False,
足立,アシストライン株式会社,False,
足立,旭川運送有限会社,False,
足立,有限会社アルコ,False,
足立,株式会社アスカ運送,False,
足立,株式会社アライバル,False,
足立,碇運送株式会社,False,
足立,株式会社碇運輸,False,
足立,有限会社アンテック,False,
足立,株式会社石和,False,
足立,飯野運輸株式会社,False,
足立,株式会社ＩＫＥＤＡコーポレーション,False,
足立,磯川運送株式会社,False,
足立,石山運送株式会社,False,
足立,市川運送店,False,
足立,市村産業株式会社,False,
足立,栄興運輸株式会社,False,
足立,栄進広報株式会社,False,
足立,株式会社ウエルストンエキスプレス,False,
足立,イヌイ倉庫オペレーションズ株式会社,False,
足立,伊原運送株式会社,False,
足立,株式会社エイダイ,False,
足立,株式会社エスケイ運輸,False,
足立,株式会社エーワンコーポレーション,False,
足立,大出運輸株式会社,False,
足立,ｴﾌｴｽﾛｼﾞｽﾃｨｯｸｽ株式会社,False,
足立,株式会社Ｎフレートシステム,False,
足立,榎本運送有限会社,False,
足立,株式会社大垣通商,False,
足立,大谷田運送株式会社,False,
足立,株式会社オオミ運輸,False,
足立,株式会社エフサービス,False,
足立,オシオ運輸株式会社,False,
足立,小田運輸株式会社,False,
足立,加賀運送有限会社,False,
足立,金子運送株式会社,False,
足立,有限会社オノデラ,False,
足立,カネ幸株式会社,False,
足立,株式会社慶清商事,False,
足立,株式会社梶山運送,False,
足立,株式会社ATトランスポーター,False,
足立,株式会社川口運輸,False,
足立,株式会社ケイ・エム,False,
足立,有限会社関東通運,False,
足立,株式会社関東,False,
足立,有限会社川田運輸,False,
足立,関東急行運輸株式会社,False,
足立,協同運輸株式会社,False,
足立,共和運送株式会社,False,
足立,協伸商運有限会社,False,
足立,菊池運輸株式会社,False,
足立,旭東梱包運輸株式会社,False,
足立,有限会社協友運輸,False,
足立,有限会社清高運輸,False,
足立,桐生運輸有限会社,False,
足立,協和梱包有限会社,False,
足立,株式会社黒姫,False,
足立,株式会社京葉青和,False,
足立,国井運送有限会社,False,
足立,株式会社京王車輛,False,
足立,光新運送株式会社,False,
足立,株式会社ケイヨー物流システム,False,
足立,株式会社ＫＯＩＤＥ,False,
足立,健和流通株式会社,False,
足立,弘済運輸株式会社,False,
足立,有限会社コウヨウ梱包運輸,False,
足立,有限会社孝富運輸,False,
足立,国際輸送株式会社,False,
足立,株式会社江北重機運輸,False,
足立,こんわ運輸有限会社,False,
足立,櫻商事株式会社,False,
足立,五島海運株式会社,False,
足立,有限会社崎浜興業,False,
足立,株式会社埼北自動車,False,
足立,五島運輸倉庫株式会社,False,
足立,栄鉄鋼商事株式会社,False,
足立,坂宮運輸倉庫株式会社,False,
足立,五月運輸株式会社,False,
足立,株式会社佐藤商運,False,
足立,株式会社サンケイ城北広告社,False,
足立,沢多運送株式会社,False,
足立,株式会社三急運輸,False,
足立,有限会社山王運輸,False,
足立,三神梱包運輸株式会社,False,
足立,三信運輸有限会社,False,
足立,十條運輸有限会社,False,
足立,有限会社上州屋運輸倉庫,False,
足立,株式会社システムライン,False,
足立,城北物流株式会社,False,
足立,上陽レミコン運輸株式会社　城北営業所,False,
足立,上昇運輸株式会社,False,
足立,常陽運輸株式会社,False,
足立,昇和運輸有限会社,False,
足立,株式会社昌登物流,False,
足立,昭和運輸有限会社,False,
足立,昭和倉庫株式会社,False,
足立,進正運輸株式会社,False,
足立,新東梱包運輸有限会社,False,
足立,株式会社新成商事,False,
足立,新生物流株式会社,False,
足立,新田運輸,False,
足立,鈴木運送株式会社,False,
足立,杉田運送有限会社,False,
足立,鈴木運送店,False,
足立,株式会社青和運輸,False,
足立,株式会社セイバー輸送,False,
足立,株式会社関口運輸,False,
足立,有限会社関商,False,
足立,株式会社大運,False,
足立,有限会社大昌運輸,False,
足立,有限会社第一キャリー,False,
足立,太成貨物運輸株式会社,False,
足立,大作輸送株式会社,False,
足立,大東通運株式会社,False,
足立,株式会社大明運輸,False,
足立,大進運輸株式会社,False,
足立,ダイハート物流株式会社,False,
足立,株式会社タイセイ物流,False,
足立,株式会社ダイト,False,
足立,高崎運輸有限会社,False,
足立,大徳運輸株式会社,False,
足立,太洋運輸株式会社,False,
足立,有限会社高橋リース,False,
足立,株式会社滝島運輸,False,
足立,タカセ運輸倉庫株式会社,False,
足立,有限会社武智運送店,False,
足立,土田運送有限会社,False,
足立,株式会社竹鼻運送,False,
足立,ティエム・トランスポート株式会社,False,
足立,ツカサ運輸株式会社,False,
足立,株式会社田中商会,False,
足立,株式会社中央流通サービス,False,
足立,株式会社都築運輸,False,
足立,株式会社つばさ流通,False,
足立,株式会社デルタ,False,
足立,株式会社東貨流通,False,
足立,有限会社テルビックサービス,False,
足立,有限会社東京新井重量運輸,False,
足立,東京運輸株式会社,False,
足立,東京三栄運送株式会社,False,
足立,有限会社東豊運輸,False,
足立,東京石井運送株式会社,False,
足立,東陸運輸株式会社,False,
足立,東京システムカーゴ株式会社,False,
足立,東京シティ運輸株式会社,False,
足立,株式会社東宝シャンデリヤ,False,
足立,東立運輸株式会社,False,
足立,株式会社徳商運輸,False,
足立,株式会社トーデリー,False,
足立,東和物流株式会社,False,
足立,有限会社東和ライン,False,
足立,株式会社トーリク,False,
足立,友運送有限会社,False,
足立,株式会社トベ商事,False,
足立,徳浜運輸株式会社,False,
足立,徳道運輸有限会社,False,
足立,株式会社長野運輸,False,
足立,中商運輸有限会社,False,
足立,有限会社仲運送,False,
足立,株式会社トレジャー・ファクトリー,False,
足立,有限会社ナリタ重機,False,
足立,株式会社巴サービス社,False,
足立,有限会社ナカフジ運送,False,
足立,株式会社中道運輸,False,
足立,有限会社西新井運送,False,
足立,株式会社ニチエイ・ベスト・プロデュース,False,
足立,株式会社西野建材,False,
足立,日本運輸株式会社,False,
足立,有限会社野口運輸,False,
足立,株式会社日商　足立営業所,False,
足立,日本衛生株式会社,False,
足立,パイオニア・エクスプレス株式会社,False,
足立,林運輸商事株式会社,False,
足立,信田運輸有限会社,False,
足立,花畑運送株式会社,False,
足立,ピーアール物流株式会社,False,
足立,晴栄運送有限会社,False,
足立,光急送株式会社,False,
足立,株式会社東日本環境アクセス  足立環境事業所,False,
足立,有限会社平林運輸商会,False,
足立,ビコー輸送株式会社,False,
足立,日の出貨物有限会社,False,
足立,有限会社フクウン,False,
足立,株式会社樋口物流サービス,False,
足立,福田運輸有限会社,False,
足立,廣木運輸株式会社,False,
足立,扶桑運輸株式会社,False,
足立,藤澤運送店,False,
足立,富士防災警備株式会社,False,
足立,有限会社ベルサービス,False,
足立,株式会社ふそう運搬社,False,
足立,株式会社藤倉運輸,False,
足立,ヘイセイ寝台サポート株式会社,False,
足立,株式会社ブルーラインエキスプレス,False,
足立,ホキマ運輸有限会社,False,
足立,豊和運輸株式会社,False,
足立,マイルエキスプレス株式会社,False,
足立,北王流通株式会社,False,
足立,株式会社北栄運輸,False,
足立,株式会社ＨＯＴ　ＬＩＮＥ,False,
足立,株式会社堀内興運,False,
足立,有限会社ホットスタッフ,False,
足立,有限会社ホットライン急行,False,
足立,有限会社前田陸運,False,
足立,まことや株式会社,False,
足立,株式会社松本興運,False,
足立,株式会社松本陸送,False,
足立,株式会社丸三興業,False,
足立,丸一運輸株式会社,False,
足立,丸磯運輸株式会社,False,
足立,眞見運送有限会社,False,
足立,丸孝デリバリー株式会社,False,
足立,丸正輸送株式会社,False,
足立,丸孝運輸倉庫株式会社,False,
足立,丸信運輸株式会社,False,
足立,株式会社皆木運輸倉庫,False,
足立,有限会社マルタ運輸,False,
足立,マルタネ運輸有限会社,False,
足立,株式会社丸の内メッセンジャー,False,
足立,有限会社マルタカ運輸,False,
足立,有限会社丸二運送,False,
足立,三好運送株式会社,False,
足立,都運輸有限会社,False,
足立,マルマ物流株式会社,False,
足立,株式会社ミヤハラ商運,False,
足立,株式会社森田産業運輸,False,
足立,株式会社ムービングサポート,False,
足立,有限会社柳川運送,False,
足立,矢崎運輸倉庫株式会社,False,
足立,有限会社森運送店,False,
足立,有限会社邑田運輸,False,
足立,株式会社森田商運,False,
足立,本木運送株式会社,False,
足立,八千代運輸有限会社,False,
足立,柳田運輸株式会社,False,
足立,ヤマシンサービス株式会社,False,
足立,株式会社ユナイト,False,
足立,有限会社IM内装,False,
足立,ユーマックス株式会社,False,
足立,有限会社吉田梱包サービス,False,
足立,ユーイチ運送株式会社,False,
足立,山中運送有限会社,False,
足立,横山運送有限会社,False,
足立,吉野運送株式会社,False,
足立,株式会社流通サービス,False,
多摩,アーク引越センター株式会社八王子営業所,False,
足立,和広自動車株式会社,False,
足立,株式会社ワールドＥＸＰＲＥＳＳ,False,
足立,株式会社ロイヤルサービス,False,
足立,株式会社流通サービスセンター,False,
多摩,株式会社アーバントラッカー,False,
多摩,アートバンライン株式会社,False,
多摩,ＳＢＳフレックネット株式会社,False,
多摩,株式会社ＩＨＩジェットサービス,False,
多摩,株式会社あおばサポート,False,
多摩,有限会社青柳運輸,False,
多摩,株式会社アイソネットライン,False,
多摩,株式会社葵環境開発,False,
多摩,秋川運送株式会社,False,
多摩,有限会社赤城運輸サービス,False,
多摩,有限会社秋多運送,False,
多摩,株式会社アクティブ,False,
多摩,阿久津運送有限会社,False,
多摩,株式会社昭島輸送,False,
多摩,株式会社アクト,False,
多摩,朝日運輸有限会社,False,
多摩,朝日急送株式会社,False,
多摩,有限会社荒幡商事,False,
多摩,朝日運輸株式会社,False,
多摩,株式会社アストモスガスセンター神奈川,False,
多摩,株式会社アストモスガスセンター東京,False,
多摩,有限会社ＡＮＩＥＳ,False,
多摩,株式会社アドバイス,False,
多摩,荒牧運輸株式会社,False,
多摩,株式会社アバンテック,False,
多摩,安全サービス有限会社,False,
多摩,株式会社有我ムービング運輸,False,
多摩,アルファ運輸株式会社,False,
多摩,株式会社井田商店,False,
多摩,有限会社石井運輸,False,
多摩,アルプス運送有限会社,False,
多摩,安藤運輸有限会社,False,
多摩,有限会社石坂運輸,False,
多摩,株式会社石川興業運輸,False,
多摩,株式会社イシイサービス,False,
多摩,伊藤運送株式会社,False,
多摩,井上運送株式会社,False,
多摩,株式会社いちば流通,False,
多摩,いわさ産業有限会社,False,
多摩,株式会社ウイング流通,False,
多摩,今福商事有限会社,False,
多摩,株式会社井上運送,False,
多摩,イワマトランスポート株式会社,False,
多摩,有限会社エイ・エス・ケイ,False,
多摩,株式会社インフィールド,False,
多摩,内堀梱包運輸有限会社,False,
多摩,株式会社ウインローダー,False,
多摩,株式会社エイチライン,False,
多摩,エヌティ陸送株式会社,False,
多摩,栄晃産業株式会社,False,
多摩,株式会社エス・ディ・ロジ,False,
多摩,株式会社ＳＫ物流,False,
多摩,エヌズ・ゲーム株式会社,False,
多摩,有限会社衛美,False,
多摩,株式会社ＮＴＳロジ,False,
多摩,株式会社エスペランサ,False,
多摩,株式会社エネサンスサービス,False,
多摩,株式会社エネックス関東支店,False,
多摩,エネライフ・キャリアー株式会社,False,
多摩,有限会社エフティライン,False,
多摩,エム・ティ・エス有限会社,False,
多摩,M・Dトランスポート株式会社,False,
多摩,株式会社王子建設運輸,False,
多摩,株式会社エム・エス・カンパニー,False,
多摩,株式会社エムアンドワイ,False,
多摩,青梅貨物運送有限会社,False,
多摩,有限会社青梅クリーンリサイクル,False,
多摩,株式会社エム・エス・ジー,False,
多摩,青梅新興株式会社,False,
多摩,株式会社大島商事,False,
多摩,有限会社大網運輸,False,
多摩,有限会社青梅港運送,False,
多摩,大倉企業株式会社,False,
多摩,大久保興業株式会社,False,
多摩,大谷商事有限会社,False,
多摩,株式会社大城興業,False,
多摩,大竹運送有限会社,False,
多摩,大鷹運輸株式会社,False,
多摩,株式会社大野梱包運輸,False,
多摩,大貫運輸有限会社,False,
多摩,株式会社大視,False,
多摩,有限会社尾崎梱包,False,
多摩,岡野運輸株式会社,False,
多摩,有限会社大雅運輸,False,
多摩,奥住運輸有限会社,False,
多摩,株式会社小川工営,False,
多摩,オトクニ運輸株式会社,False,
多摩,株式会社オリジン,False,
多摩,有限会社小作物産,False,
多摩,株式会社カシマ,False,
多摩,春日舗道株式会社,False,
多摩,株式会社海勢,False,
多摩,加藤商事株式会社,False,
多摩,株式会社カタオカロジックス,False,
多摩,有限会社兼雄,False,
多摩,株式会社金田興業,False,
多摩,株式会社エスロジスティクス,False,
多摩,株式会社加藤商事,False,
多摩,株式会社エス・イー・ジェイ,False,
多摩,株式会社齋藤商運,False,
多摩,株式会社新開トランスポートシステムズ,False,
多摩,株式会社東京アクティー,False,
多摩,株式会社新開トランスポートシステムズ  西東京営業所,False,
多摩,株式会社角屋,False,
多摩,株式会社双蹊,False,
多摩,株式会社ミタカ・リノベイト,False,
多摩,上高運輸株式会社,False,
多摩,鴨志田運送有限会社,False,
多摩,株式会社ユーエス・ライン,False,
多摩,株式会社環境システムサービス,False,
多摩,関東・福鉄運輸株式会社,False,
多摩,有限会社川崎建材,False,
多摩,川崎陸送株式会社武蔵村山営業所,False,
多摩,株式会社ギオン,False,
多摩,関東トナミ運輸株式会社,False,
多摩,有限会社河村重機運送,False,
多摩,有限会社北澤梱包運輸,False,
多摩,株式会社希望丘運輸,False,
多摩,有限会社吉備運送,False,
多摩,有限会社木村運送,False,
多摩,北多摩運送株式会社,False,
多摩,キユーソーティス株式会社,False,
多摩,株式会社キョウエイ,False,
多摩,株式会社九州サービス,False,
多摩,キャリーネット株式会社,False,
多摩,協栄運送有限会社,False,
多摩,株式会社久星物流,False,
多摩,共明・運送有限会社,False,
多摩,株式会社共栄興産,False,
多摩,共栄産業株式会社,False,
多摩,共立ラインサービス株式会社,False,
多摩,協和商事株式会社,False,
多摩,清野重機運送株式会社,False,
多摩,株式会社キララ,False,
多摩,清野運送有限会社,False,
多摩,株式会社熊澤商事,False,
多摩,株式会社錦江,False,
多摩,株式会社国立ピアノサービス,False,
多摩,株式会社クローバーズ,False,
多摩,株式会社グリット,False,
多摩,有限会社桑田運送,False,
多摩,株式会社グランテック物流,False,
多摩,京王運輸株式会社,False,
多摩,ケイズ引越センター株式会社,False,
多摩,久留米運輸株式会社,False,
多摩,株式会社ケー・エル・エス,False,
多摩,株式会社ＫＭＴエキスプレス,False,
多摩,高栄運輸株式会社,False,
多摩,有限会社小池組,False,
多摩,有限会社ケーズライン,False,
多摩,航空集配サービス株式会社,False,
多摩,株式会社健美舎,False,
多摩,コウワエンタープライズ有限会社,False,
多摩,株式会社神戸運輸,False,
多摩,株式会社國昭輸送,False,
多摩,KOEIロジスティクス株式会社,False,
多摩,小島運輸有限会社,False,
多摩,鴻池運輸株式会社,False,
多摩,株式会社寿宅配便,False,
多摩,小島輸送有限会社,False,
多摩,有限会社小林運送店,False,
多摩,有限会社小関商事,False,
多摩,有限会社小林運送,False,
多摩,株式会社コダ運輸,False,
多摩,有限会社小山運輸,False,
多摩,株式会社コヤマ,False,
多摩,株式会社小松急送,False,
多摩,株式会社斉藤商事,False,
多摩,榮運送株式会社,False,
多摩,有限会社さかえ運輸,False,
多摩,株式会社酒寄商事,False,
多摩,佐川急便株式会社八王子営業所,False,
多摩,佐川急便株式会社　稲城営業所,False,
多摩,佐川急便株式会社福生営業所,False,
多摩,栄運輸株式会社,False,
多摩,佐々木運輸株式会社,False,
多摩,佐川急便株式会社武蔵村山営業所,False,
多摩,佐川急便株式会社府中営業所,False,
多摩,佐川急便株式会社三多摩営業所,False,
多摩,佐川急便株式会社三鷹営業所,False,
多摩,佐々木興業有限会社,False,
多摩,株式会社サノックス,False,
多摩,株式会社サニー企画,False,
多摩,佐藤興業運輸株式会社,False,
多摩,株式会社サン・エキスプレス,False,
多摩,狭山開発有限会社,False,
多摩,三栄全業有限会社,False,
多摩,株式会社三英舎,False,
多摩,株式会社サン・デイリー,False,
多摩,株式会社三共運輸,False,
多摩,三光運送株式会社,False,
多摩,三協運送株式会社,False,
多摩,株式会社サンエー物流,False,
多摩,有限会社サンクリーン永昌,False,
多摩,三興運輸株式会社,False,
多摩,三伸運輸有限会社,False,
多摩,三幸商事株式会社,False,
多摩,株式会社三凌商事,False,
多摩,株式会社サンワーク,False,
多摩,株式会社三進運輸,False,
多摩,株式会社三双運輸,False,
多摩,株式会社ジェイアールシー,False,
多摩,三多摩トランスポート株式会社,False,
多摩,三和運送有限会社,False,
多摩,株式会社ジェイアール総研サービス,False,
多摩,志賀興業株式会社,False,
多摩,株式会社信濃流通,False,
多摩,篠崎運送有限会社,False,
多摩,株式会社シティデイリーサービス,False,
多摩,有限会社下田商会,False,
多摩,ジャパンエナジック株式会社,False,
多摩,有限会社渋谷商事,False,
多摩,周越興業株式会社,False,
多摩,株式会社ジョイ,False,
多摩,有限会社朱通運送,False,
多摩,有限会社秀明,False,
多摩,株式会社首都圏物流,False,
多摩,株式会社ジュントランスポート,False,
多摩,株式会社ショウドウ,False,
多摩,有限会社正喜運送,False,
多摩,昭和建設株式会社,False,
多摩,昭和の森エリアサービス株式会社,False,
多摩,城北運輸株式会社,False,
多摩,有限会社成洋商事,False,
多摩,昭和興業株式会社,False,
多摩,株式会社食品流通システム　多摩センター,False,
多摩,株式会社昭和倉庫,False,
多摩,新栄重機産業株式会社,False,
多摩,株式会社新興運輸,False,
多摩,新運保株式会社,False,
多摩,有限会社神都輸送,False,
多摩,新雪運輸株式会社,False,
多摩,有限会社スカイ物流,False,
多摩,菅沼運輸株式会社,False,
多摩,有限会社新生商事,False,
多摩,株式会社シンコーサービス,False,
多摩,鈴電運輸株式会社,False,
多摩,新日本物流株式会社,False,
多摩,有限会社住井運送,False,
多摩,杉澤運輸株式会社,False,
多摩,スターゼンロジスティックス株式会社,False,
多摩,青伸産業運輸株式会社,False,
多摩,株式会社スピン,False,
多摩,成光運輸株式会社,False,
多摩,清興運輸倉庫株式会社,False,
多摩,清興運輸倉庫株式会社,False,
多摩,セイコー物流株式会社,False,
多摩,西都梱包運輸株式会社,False,
多摩,株式会社ゼロ・プラス関東,False,
多摩,株式会社関戸産業,False,
多摩,有限会社創進通商,False,
多摩,扇共通運株式会社,False,
多摩,綜合警備保障株式会社警送東京支社警送国立支店,False,
多摩,大寿運輸株式会社,False,
多摩,株式会社ソーデン社,False,
多摩,有限会社ＳＥＮＳＹＯ,False,
多摩,株式会社孫悟空,False,
多摩,有限会社ダイショウサービス,False,
多摩,大生運輸株式会社,False,
多摩,有限会社大辰運輸,False,
多摩,株式会社大運,False,
多摩,株式会社タウン・サービス,False,
多摩,株式会社大東建興,False,
多摩,大丸運輸株式会社,False,
多摩,大日興運株式会社,False,
多摩,大和システム運輸株式会社,False,
多摩,大和ライン株式会社,False,
多摩,高田運輸株式会社,False,
多摩,高尾貨物株式会社,False,
多摩,株式会社タカクラ,False,
多摩,有限会社高梨急送,False,
多摩,高根商事株式会社,False,
多摩,高杉商事株式会社,False,
多摩,高橋運送株式会社,False,
多摩,高橋運輸興業株式会社桜ヶ丘営業所,False,
多摩,高橋運輸興業株式会社府中営業所,False,
多摩,高山紙工有限会社,False,
多摩,拓進株式会社,False,
多摩,株式会社滝野川梱包運輸,False,
多摩,立川運送株式会社,False,
多摩,田中産業株式会社,False,
多摩,タジマ物流システム株式会社,False,
多摩,竹内運輸工業株式会社,False,
多摩,株式会社田中産業物流,False,
多摩,有限会社田中興業,False,
多摩,田無衛生興業有限会社,False,
多摩,多摩興運株式会社,False,
多摩,株式会社田邉商店,False,
多摩,株式会社タマ・ミルキーウェイ,False,
多摩,多摩運送株式会社,False,
多摩,株式会社多摩中日運輸,False,
多摩,多摩中央運送株式会社,False,
多摩,多摩総業有限会社,False,
多摩,多摩恵運輸株式会社,False,
多摩,多摩荷役株式会社,False,
多摩,多摩包装工業株式会社,False,
多摩,タマ通商株式会社,False,
多摩,千葉企業株式会社,False,
多摩,有限会社田村運輸,False,
多摩,チアキ運輸商事株式会社,False,
多摩,有限会社多摩八光運輸,False,
多摩,株式会社多摩流通,False,
多摩,中央運輸株式会社,False,
多摩,株式会社千葉商会トラスポート八王子,False,
多摩,有限会社千葉運送,False,
多摩,中央電設運輸株式会社,False,
多摩,中央車輌輸送株式会社,False,
多摩,株式会社通産商,False,
多摩,株式会社忠立企画,False,
多摩,株式会社調布清掃,False,
多摩,筑波運輸建設株式会社,False,
多摩,調布運輸株式会社,False,
多摩,司企業株式会社,False,
多摩,千代田運輸株式会社,False,
多摩,有限会社ティ・エージェント,False,
多摩,株式会社塚腰運送,False,
多摩,津田運輸有限会社,False,
多摩,有限会社鶴田,False,
多摩,株式会社ＤＡＹＳ,False,
多摩,株式会社デイライン八王子営業所,False,
多摩,株式会社東京キャリイサービス,False,
多摩,株式会社デイライン　西東京営業所,False,
多摩,株式会社デジタル・エキスプレス,False,
多摩,デリバリーサービス株式会社,False,
多摩,有限会社東界運輸,False,
多摩,東亜物流株式会社,False,
多摩,株式会社東京急配,False,
多摩,有限会社東京キャリヤーサービス,False,
多摩,東京多摩青果運送株式会社,False,
多摩,東光運輸株式会社,False,
多摩,東京重機運輸株式会社,False,
多摩,株式会社東京テリトリー,False,
多摩,東光建設株式会社,False,
多摩,東西配送株式会社,False,
多摩,東京ポスタル株式会社,False,
多摩,東昌運輸株式会社,False,
多摩,東京ユニオン物流株式会社,False,
多摩,東新物流株式会社,False,
多摩,東新運輸株式会社,False,
多摩,東進産業株式会社,False,
多摩,株式会社東邦運輸,False,
多摩,株式会社東洋運輸,False,
多摩,有限会社常盤組,False,
多摩,有限会社東和サッシ工業,False,
多摩,東洋興運株式会社,False,
多摩,株式会社トーショー,False,
多摩,トマキ株式会社,False,
多摩,有限会社富樫清掃,False,
多摩,有限会社トモエ商事,False,
多摩,巴山興業株式会社,False,
多摩,株式会社トラスト・ウィン,False,
多摩,富沢運送株式会社,False,
多摩,株式会社トラストシップ,False,
多摩,トヨタ輸送関東株式会社,False,
多摩,株式会社ドリーム,False,
多摩,トラスト・ライン株式会社,False,
多摩,有限会社トランスポートワイズ,False,
多摩,株式会社トランスメイト,False,
多摩,株式会社ナガオ,False,
多摩,有限会社中野商事,False,
多摩,有限会社中川商会,False,
多摩,株式会社永世屋運送,False,
多摩,永山運送株式会社,False,
多摩,有限会社中村組,False,
多摩,株式会社ナガヤマ物流,False,
多摩,有限会社中村組,False,
多摩,波平総業株式会社,False,
多摩,西東京梱包株式会社,False,
多摩,西多摩運送株式会社,False,
多摩,日興レミコン株式会社,False,
多摩,西東京ライナー株式会社,False,
多摩,日興運輸株式会社,False,
多摩,株式会社ニッコー,False,
多摩,日通東京西運輸株式会社,False,
多摩,株式会社日硝ハイウェー,False,
多摩,日新運送株式会社,False,
多摩,株式会社日本カーゴテック,False,
多摩,日本通運株式会社多摩支店,False,
多摩,日本瓦斯運輸整備株式会社,False,
多摩,日通ＮＥＣロジスティクス株式会社,False,
多摩,日本ＷｅＰ流通株式会社,False,
多摩,日本図書輸送株式会社,False,
多摩,日本物流システム株式会社,False,
多摩,株式会社ノアライン,False,
多摩,日本リース株式会社,False,
多摩,有限会社ハズ,False,
多摩,株式会社ニュー多摩運輸,False,
多摩,日本陸運株式会社,False,
多摩,株式会社ハート引越センター,False,
多摩,株式会社橋本運輸,False,
多摩,長谷川運輸株式会社,False,
多摩,ハイエストトランスポート株式会社,False,
多摩,有限会社原島組,False,
多摩,長谷川運輸倉庫株式会社,False,
多摩,株式会社羽田運送店,False,
多摩,八王子重量運輸有限会社,False,
多摩,八王子急便株式会社,False,
多摩,有限会社バルク,False,
多摩,有限会社畠山運輸,False,
多摩,株式会社Ｐｓトランスポート,False,
多摩,株式会社ビーワントランスポート,False,
多摩,東日本エア・ウォーター物流株式会社,False,
多摩,有限会社ビックウェーブライン,False,
多摩,株式会社東日本トランスポート,False,
多摩,日立物流関東株式会社,False,
多摩,有限会社ひだの運送,False,
多摩,株式会社引越社関東,False,
多摩,日野産業株式会社,False,
多摩,日ノ出企業株式会社,False,
多摩,桧原運送株式会社,False,
多摩,有限会社日の出運送,False,
多摩,有限会社ひばりヶ丘清運,False,
多摩,ビューテックローリー株式会社,False,
多摩,比留間運送株式会社,False,
多摩,有限会社ヒロ運送,False,
多摩,平井運送有限会社,False,
多摩,有限会社平尾運輸,False,
多摩,株式会社廣和物流,False,
多摩,フィット株式会社,False,
多摩,有限会社ファースト商会,False,
多摩,フェデラルエクスプレスジャパン（同）,False,
多摩,フォスター運輸株式会社,False,
多摩,株式会社ファースト・ロジスティックス,False,
多摩,富岳通運株式会社,False,
多摩,有限会社富士企業,False,
多摩,福徳運輸株式会社,False,
多摩,株式会社富士興業,False,
多摩,藤産業株式会社,False,
多摩,株式会社富士トラック,False,
多摩,藤総合運輸有限会社,False,
多摩,株式会社藤原重機,False,
多摩,藤産業株式会社,False,
多摩,有限会社伏見運送,False,
多摩,有限会社府中衛生社,False,
多摩,株式会社フットライトコーポレーション,False,
多摩,プロスタッフ株式会社,False,
多摩,府中自動車株式会社,False,
多摩,福生産業有限会社,False,
多摩,有限会社古川新興,False,
多摩,株式会社船間産業,False,
多摩,有限会社古川商事運輸,False,
多摩,文京運送株式会社,False,
多摩,株式会社ベストランス,False,
多摩,豊栄運送有限会社,False,
多摩,株式会社ペエックス,False,
多摩,ペガサスサービス株式会社,False,
多摩,星運輸株式会社,False,
多摩,株式会社ホームエネルギー西関東,False,
多摩,堀江運送有限会社,False,
多摩,有限会社間込商事,False,
多摩,有限会社堀口サービス,False,
多摩,本田運輸株式会社,False,
多摩,間口ロジスティクス株式会社,False,
多摩,マチダトランスポート株式会社,False,
多摩,株式会社升建運輸,False,
多摩,株式会社マツモト重量,False,
多摩,有限会社松雄運送,False,
多摩,有限会社松村組,False,
多摩,株式会社町田清掃社,False,
多摩,松村ダスト有限会社,False,
多摩,有限会社松下タウンクリーナ,False,
多摩,松岡運輸株式会社,False,
多摩,有限会社ＭＡＮＩＦＥＳＴ,False,
多摩,株式会社丸井商事,False,
多摩,丸伊運輸株式会社,False,
多摩,有限会社丸幸運輸,False,
多摩,株式会社丸三運輸,False,
多摩,丸重運輸株式会社,False,
多摩,丸順商事有限会社,False,
多摩,マルタケ運輸株式会社,False,
多摩,丸喜運送株式会社,False,
多摩,株式会社丸神運輸,False,
多摩,丸信産業有限会社,False,
多摩,株式会社丸利根アペックス,False,
多摩,有限会社マルナカ運輸,False,
多摩,マルトヨ運輸有限会社,False,
多摩,株式会社丸和運輸機関,False,
多摩,株式会社ミサワ運送サービス,False,
多摩,三鈴運送有限会社,False,
多摩,マルハ運輸株式会社,False,
多摩,株式会社マルミ運輸システム,False,
多摩,株式会社美喜運輸,False,
多摩,株式会社ミタカヴィアクル,False,
多摩,三鷹運送株式会社,False,
多摩,株式会社水野商会,False,
多摩,瑞穂運輸株式会社,False,
多摩,株式会社ミタカロジスティクス,False,
多摩,南多摩運送株式会社,False,
多摩,峯岸運輸株式会社,False,
多摩,三玉運送有限会社,False,
多摩,峰嶋運輸有限会社,False,
多摩,株式会社三星・運送,False,
多摩,株式会社ミツミ,False,
多摩,宮崎運送有限会社,False,
多摩,株式会社ミュージックデリバリー,False,
多摩,都流通商会株式会社,False,
多摩,宮本運送株式会社,False,
多摩,有限会社武蔵野梱包運輸,False,
多摩,ムーンロジスティクス株式会社,False,
多摩,株式会社武蔵野運輸,False,
多摩,武蔵通商株式会社,False,
多摩,株式会社ムサシ,False,
多摩,有限会社武蔵野配送,False,
多摩,武蔵野運送株式会社,False,
多摩,武蔵野清運有限会社,False,
多摩,村山特殊車輌有限会社,False,
多摩,村山運送株式会社,False,
多摩,村上工業株式会社,False,
多摩,有限会社村急運輸,False,
多摩,株式会社本島運送,False,
多摩,名糖運輸株式会社,False,
多摩,有限会社明創運輸,False,
多摩,明新運輸株式会社,False,
多摩,恵実物流株式会社,False,
多摩,ヤクルトロジスティクス株式会社,False,
多摩,有限会社森田運送,False,
多摩,有限会社柳沢運輸,False,
多摩,有限会社矢ヶ崎運輸,False,
多摩,有限会社山下商事,False,
多摩,山川運輸株式会社,False,
多摩,株式会社ヤマザキ物流,False,
多摩,山﨑貨物輸送有限会社,False,
多摩,山繁陸運株式会社,False,
多摩,有限会社山崎清掃,False,
多摩,有限会社山長商事運輸,False,
多摩,やもおか運送有限会社,False,
多摩,鎗田運輸有限会社,False,
多摩,有楽運送株式会社,False,
多摩,有限会社山本運送,False,
多摩,株式会社豊運輸,False,
多摩,有限会社佐藤清運,False,
多摩,横川貨物株式会社,False,
多摩,豊運輸株式会社,False,
多摩,ヨコモリ運輸株式会社,False,
多摩,横浜海運株式会社,False,
多摩,有限会社米丸運送店,False,
多摩,理学ロジスティクス株式会社,False,
多摩,有限会社吉田組,False,
多摩,株式会社吉野清掃,False,
多摩,株式会社リバティ・ベル,False,
多摩,隆星運輸株式会社,False,
多摩,株式会社ライフ,False,
多摩,有限会社よろずや,False,
多摩,株式会社ロイヤルコーポレーション,False,
多摩,有限会社リキタ商事,False,
多摩,株式会社漁野物流,False,
多摩,株式会社ロードワーク,False,
多摩,有限会社緑信企画,False,
多摩,ワイエムローディング株式会社,False,
多摩,ワーレックス株式会社,False,
多摩,有限会社ワールドライン,False,
多摩,有限会社若﨑運輸,False,
八丈島,株式会社佐々木住設,False,
多摩,渡辺運送株式会社,False,
八丈島,有限会社石井運送店,False,
八丈島,佐藤運送店,False,
八丈島,秋田建設株式会社,False,
八丈島,株式会社サワ・コーポレーション八丈,False,
八丈島,大和運輸工業株式会社,False,
八丈島,株式会社八丈島衛生総合企画,False,
八丈島,株式会社八丈島自動車整備工場,False,
八丈島,八丈マリンサービス株式会社,False,
八丈島,田村運送株式会社,False,
八丈島,広江建設株式会社,False,
八丈島,平光建設株式会社,False,
三宅島,有限会社三新運送,False,
三宅島,三栄運送有限会社,False,
島嶼,株式会社シラマキ,False,
三宅島,三宅島自動車運輸株式会社,False,
三宅島,杉山運送株式会社,False,
多摩,株式会社ロードワーク,False,
島嶼,有限会社土屋燃料運送店,False,
多摩,有限会社ワールドライン,False,
島嶼,株式会社山田回漕店,False,
島嶼,株式会社新島陸送サービス,False,
多摩,ワーレックス株式会社,False,
多摩,ロジトライ株式会社,False,
多摩,株式会社ワイライン,False,
多摩,ワイエムローディング株式会社,False,
八丈島,有限会社石井運送店,False,
多摩,有限会社若﨑運輸,False,
多摩,渡辺運送株式会社,False,
八丈島,株式会社佐々木住設,False,
八丈島,佐藤運送店,False,
八丈島,田村運送株式会社,False,
八丈島,秋田建設株式会社,False,
八丈島,株式会社サワ・コーポレーション八丈,False,
八丈島,大和運輸工業株式会社,False,
八丈島,株式会社八丈島自動車整備工場,False,
八丈島,広江建設株式会社,False,
八丈島,八丈マリンサービス株式会社,False,
三宅島,杉山運送株式会社,False,
八丈島,株式会社八丈島衛生総合企画,False,
三宅島,三栄運送有限会社,False,
島嶼,株式会社シラマキ,False,
島嶼,有限会社大澤興業,False,
八丈島,平光建設株式会社,False,
三宅島,有限会社三新運送,False,
島嶼,有限会社土屋燃料運送店,False,
三宅島,三宅島自動車運輸株式会社,False,
島嶼,株式会社山田回漕店,False,
島嶼,株式会社新島陸送サービス,False,
